,Unnamed: 0,Company,CPU Detail,CPU Manufacturer,CPU Generation,CPU Arc,Core,Cache,RAM,HDD,SSD,Graphic-creator,Graphic RAM,Blore screen,Keyboard light,Battery houre,Battery Cells,Battery Capacity,Size per Inch/,Touch screen,amount
0,0,600,Celeron,Intel,,x86,2.0,4.0,4.0,1000.0,,,2.0,1.0,,3.0,2.0,35.0,,,8.999
1,1,,Core i7-Alder Lake,Intel,12.0,x86,10.0,24.0,16.0,,512.0,NVIDIA,8.0,,1.0,,4.0,76.0,,,59.5
2,2,,Alder Lake,Intel,12.0,x86,8.0,12.0,16.0,,512.0,,4.0,,,,,45.0,15.6,,37.2
3,3,,M1,Apple,,M1,,12.0,8.0,,256.0,Apple,0.0,0.0,1.0,15.0,,50.0,13.3,,48.899
4,4,,Core i5-Tiger Lake,Intel,10.0,x86,4.0,8.0,8.0,,512.0,NVIDIA,4.0,,1.0,,3.0,48.0,,,36.7
5,5,Lenova,Core i3,Intel,11.0,x86,2.0,6.0,12.0,1000.0,256.0,,2.0,,0.0,1.5,,35.0,15.6,,18.47
6,6,HP,Core i5,Intel,,x86,8.0,12.0,,,512.0,,4.0,,1.0,,,52.0,15.6,,37.8
7,7,,Celeron,intel,,x86,2.0,4.0,4.0,1000.0,128.0,,,1.0,,3.0,2.0,35.0,,,11.68
8,8,ASUS,Core i5,intel,,x86,6.0,12.0,4.0,,512.0,,,1.0,1.0,2.0,,,15.6,,39.999
9,9,,Core i5,intel,10.0,x86,4.0,6.0,8.0,,256.0,,2.0,0.0,1.0,13.0,,39.0,12.4,,30.199
10,10,,Core i7-Alder Lake-P,Intel,12.0,x86,10.0,24.0,16.0,,512.0,NVIDIA,4.0,,1.0,,3.0,45.0,,,44.1
11,11,,Core i7-Tiger Lake,Intel,11.0,x86,8.0,24.0,16.0,,512.0,NVIDIA,4.0,,1.0,,4.0,70.0,,,47.85
12,12,,Core i5-Tiger Lake,Intel,11.0,x86,4.0,8.0,8.0,,512.0,NVIDIA,2.0,,,,2.0,37.0,,,25.899
13,13,Apple,M2,Apple,,M2,8.0,20.0,8.0,,256.0,Apple,,,1.0,17.0,,58.0,13.3,,67.0
14,14,,Core i5-Tiger Lake,Intel,11.0,x86,4.0,8.0,8.0,1000.0,,NVIDIA,2.0,,,,2.0,38.0,,,23.799
15,15,,Core i7,intel,,x86,14.0,24.0,16.0,,1000.0,NVIDIA,6.0,,1.0,5.5,,90.0,15.6,,62.749
16,16,Apple,M2,Apple,,M2,10.0,12.0,16.0,,512.0,Apple,0.0,,1.0,18.0,,70.0,14.2,,98.0
17,17,,Celeron,intel,,x86,2.0,4.0,4.0,1000.0,,,,,0.0,,,33.0,15.6,,12.7
18,18,12500H,Core i5-Alder Lake,Intel,12.0,x86,12.0,18.0,16.0,,512.0,NVIDIA,4.0,,1.0,,3.0,52.0,,,40.0
19,19,Apple,M2,Apple,,M2,8.0,20.0,8.0,,256.0,Apple,0.0,,,15.0,,52.5,13.6,,58.499
20,20,,Core i7,Intel,11.0,x86,8.0,24.0,16.0,,1000.0,,6.0,,,,,60.0,15.6,,66.0
21,21,ROG,Core i7,Intel,13.0,x86,14.0,24.0,16.0,,512.0,NVIDIA,8.0,,1.0,5.0,,90.0,16.0,,85.83
22,22,,Corei5,intel,,x86,6.0,12.0,6.0,,512.0,NVIDIA,4.0,1.0,,2.0,,48.0,15.6,,43.9
23,23,11370H,Core i7-Tiger Lake,Intel,11.0,x86,4.0,12.0,16.0,1000.0,256.0,NVIDIA,4.0,,1.0,,,45.0,,,46.888
24,24,4800H,Ryzen 7-Zen2,AMD,4.0,x86,8.0,8.0,16.0,,1000.0,NVIDIA,4.0,,1.0,,,56.0,,,49.95
25,25,6800H,Ryzen 7-Zen3,AMD,6.0,x86,8.0,20.0,16.0,,512.0,NVIDIA,4.0,,1.0,,,56.0,,,50.372
26,26,N4020,Celeron,intel,,x86,2.0,4.0,4.0,,,,2.0,1.0,,3.0,,33.0,,,11.0
27,27,10300H,Core i5-Comet Lake,Intel,10.0,x86,4.0,8.0,16.0,,512.0,NVIDIA,4.0,,1.0,,,48.0,,,37.481
28,28,,Core i5-Tiger Lake,Intel,11.0,x86,4.0,8.0,8.0,,512.0,,2.0,,,,,56.5,14.0,,25.199
29,29,12700H,Core i7 Alder Lake,Intel,12.0,x86,14.0,24.0,32.0,,1000.0,NVIDIA,6.0,,1.0,,,80.0,,,71.0
30,30,5700U,Ryzen 7-Zen 2,AMD,5.0,x86,8.0,8.0,8.0,,256.0,NVIDIA,2.0,,1.0,,,56.0,,,37.5
31,31,Apple,M1,Apple,,M1,8.0,24.0,16.0,,512.0,,,,1.0,,,70.0,14.2,,92.9
32,32,,Core i3,intel,,x86,2.0,6.0,4.0,,512.0,,2.0,,0.0,,,38.0,15.6,,16.91
33,33,ASUS,Ryzen 7-Zen3,AMD,6.0,x86,8.0,16.0,32.0,,1000.0,,,1.0,1.0,3.0,,,15.6,,62.444
34,34,ASUS,Core i5-Alder Lake,intel,12.0,x86,12.0,18.0,8.0,,512.0,,,1.0,1.0,3.0,,,15.6,,38.199
35,35,,Core i7,intel,12.0,x86,10.0,12.0,16.0,,512.0,,,,0.0,,,42.0,15.6,,31.499
36,36,11400H,Core i5 Tiger Lake,Intel,11.0,x86,6.0,12.0,16.0,,1000.0,NVIDIA,4.0,,1.0,,,90.0,,,39.77
37,37,Apple,M1,Apple,,M1,10.0,24.0,16.0,,512.0,Apple,,,1.0,11.0,,100.0,16.2,,104.05
38,38,Apple,M2,Apple,,M2,8.0,20.0,8.0,,512.0,Apple,,,1.0,11.0,,52.0,13.6,,63.8
39,39,,Ryzen 3,AMD,,x86,,4.0,8.0,1000.0,,,2.0,1.0,,,2.0,38.0,15.6,,1.97
40,40,HUAWEI,Core i5,Intel,,x86,4.0,8.0,,,512.0,,,,1.0,,,56.0,14.0,,23.777
41,41,,Core i7,intel,,x86,,8.0,16.0,,512.0,NVIDIA,6.0,0.0,1.0,17.0,,,15.0,,69.3
42,42,ASUS,Core i7-Alder Lake,intel,12.0,x86,10.0,24.0,16.0,,1000.0,,,1.0,1.0,3.0,,,15.6,,62.0
43,43,6800H,Ryzen 7-Zen 3,AMD,6.0,x86,8.0,16.0,8.0,,1000.0,NVIDIA,4.0,,1.0,,4.0,56.0,,,51.899
44,44,,Core i5-Tiger Lake,Intel,11.0,x86,4.0,8.0,8.0,,512.0,,2.0,,,,,37.0,15.6,,29.249
45,45,1135G7,Core i5-Tiger Lake,Intel,11.0,x86,4.0,8.0,8.0,,512.0,NVIDIA,2.0,,1.0,,3.0,42.0,,,38.899
46,46,,Core i7-Tiger Lake,Intel,11.0,x86,4.0,12.0,16.0,,512.0,,2.0,,,,,56.5,14.0,,33.988
47,47,ASUS,Core i7,intel,12.0,x86,10.0,24.0,16.0,,512.0,Nvidia,,,1.0,,,76.0,15.6,,51.5
48,48,,Celeron,intel,,x86,2.0,4.0,4.0,,128.0,,0.0,1.0,,3.0,2.0,32.0,11.6,,9.9
49,49,11400H,Core i5 Tiger Lake,Intel,11.0,x86,6.0,12.0,16.0,,512.0,NVIDIA,4.0,,1.0,,4.0,90.0,,,38.7
50,50,1115G4,Core i3,INTEL,,x86,2.0,6.0,8.0,1000.0,256.0,,4.0,1.0,,3.0,2.0,35.0,,,16.67
51,51,,M1,Apple,,M1,8.0,12.0,8.0,,256.0,Apple,,,1.0,15.0,,50.0,13.3,,48.0
52,52,,Core i7-Alder Lake-P,intel,12.0,x86,14.0,24.0,16.0,,512.0,,,1.0,1.0,5.5,,,15.6,,59.444
53,53,,Raptor Lake,Intel,13.0,x86,24.0,36.0,16.0,,1000.0,NVIDIA,8.0,,1.0,1.5,,90.0,18.0,,137.36
54,54,,M2,Apple,,M2,,12.0,8.0,,512.0,Apple,,,,17.0,,,13.3,,72.7
55,55,12500H,Core i5-Alder Lake,Intel,12.0,x86,12.0,18.0,16.0,,1000.0,NVIDIA,4.0,,1.0,,3.0,52.0,,,40.9
56,56,,Corei 7,intel,11.0,x86,4.0,12.0,8.0,,512.0,NVIDIA,2.0,1.0,0.0,3.0,2.0,37.0,15.6,,30.4
57,57,600,Celeron,INTEL,,x86,2.0,4.0,4.0,1000.0,256.0,,2.0,1.0,,2.0,2.0,35.0,,,12.2
58,58,1155G7,Core i5-Tiger Lake,Intel,11.0,x86,4.0,8.0,12.0,1000.0,,NVIDIA,2.0,,,,2.0,38.0,,,24.0
59,59,N4020,Celeron Gemini Lake,Intel,9.0,x86,2.0,4.0,4.0,,256.0,,2.0,,,,3.0,42.0,,,12.749
60,60,12700H,Core i7-Alder Lake,Intel,12.0,x86,14.0,24.0,16.0,,512.0,NVIDIA,4.0,,1.0,,,57.0,,,48.199
61,61,,Core i3,intel,10.0,x86,2.0,4.0,4.0,,1000.0,,2.0,1.0,,3.0,2.0,37.0,14.0,,17.339
62,62,ASUS,Core i7,intel,,x86,14.0,24.0,16.0,,1000.0,,,1.0,1.0,3.0,,,15.6,,55.599
63,63,ASUS,Core i7,intel,10.0,x86,4.0,8.0,16.0,,1000.0,,,1.0,0.0,2.0,,,15.6,,32.5
64,64,Apple,M2,Apple,,M2,12.0,12.0,16.0,,512.0,Apple,,,1.0,15.0,,99.6,16.2,,120.999
65,65,ASUS,Core i9,intel,,x86,14.0,24.0,16.0,,1000.0,,,1.0,1.0,5.5,,,15.6,,112.499
66,66,Apple,M1,Apple,,M1,8.0,12.0,8.0,,256.0,Apple,,,1.0,17.0,,58.0,13.3,,58.0
67,67,,Core i5,Intel,11.0,x86,4.0,8.0,12.0,1000.0,256.0,,2.0,,,,,38.0,15.6,,25.0
68,68,,Core i5,Intel,11.0,x86,4.0,8.0,8.0,1000.0,,,2.0,,,,,38.0,15.6,,23.9
69,69,12700H,Core i7-Alder Lake,Intel,12.0,x86,14.0,24.0,16.0,,512.0,NVIDIA,6.0,,1.0,,4.0,70.0,,,59.9
70,70,,Core i3,intel,,x86,2.0,4.0,12.0,1000.0,512.0,Nvidia,4.0,,0.0,,,45.0,15.6,,17.6
71,71,,Corei5,intel,,x86,10.0,12.0,8.0,,1000.0,NVIDIA,2.0,1.0,,2.0,3.0,40.0,15.6,,23.399
72,72,,Corei7,intel,,x86,4.0,12.0,8.0,,1000.0,NVIDIA,2.0,1.0,,2.0,2.0,38.0,15.6,,27.1
73,73,,,MSI,11.0,,7.0,12.0,16.0,,1000.0,,,,,,,,13.4,,42.7
74,74,,Corei5,,,x86,4.0,6.0,4.0,,64.0,,,0.0,1.0,13.0,,,12.4,,19.388
75,75,Apple,M1,,,M1,10.0,24.0,16.0,,1000.0,Apple,,,1.0,11.0,,100.0,16.2,,108.05
76,76,5800H,Ryzen 7-Zen 3,AMD,5.0,x86,8.0,16.0,16.0,,1000.0,NVIDIA,4.0,,1.0,,6.0,96.0,,,52.85
77,77,Apple,M2,Apple,,M2,8.0,22.0,8.0,,256.0,,,,1.0,,,58.2,13.3,,61.499
78,78,MSI,12650H Raptor Lake,,12.0,x86,10.0,24.0,16.0,,1000.0,,,,1.0,2.0,,,15.6,,85.599
79,79,6900HX,Ryzen 9-Zen 3,AMD,6.0,x86,8.0,16.0,16.0,,1000.0,NVIDIA,6.0,,1.0,,4.0,9.0,,,71.999
80,80,Apple,M1,Apple,,M1,8.0,12.0,8.0,,256.0,Apple,,,1.0,15.0,,50.0,13.3,,46.5
81,81,,Core i3-Tiger Lake,Intel,11.0,x86,2.0,6.0,4.0,,256.0,,0.0,,,,,38.0,15.6,,15.2
82,82,HP,Core i5,Intel,,x86,8.0,12.0,,,1000.0,,4.0,,1.0,,,52.5,15.6,,39.0
83,83,,Ryzen 5,AMD,,x86,6.0,19.0,8.0,,512.0,NVIDIA,4.0,1.0,,2.0,3.0,50.0,15.6,,33.899
84,84,,Core i7,Intel,,x86,,,16.0,,512.0,NVIDIA,2.0,1.0,,,,56.0,15.6,,23.5
85,85,,Core i5,Intel,10.0,x86,4.0,6.0,8.0,,256.0,,,,1.0,17.0,,51.0,13.5,,48.699
86,86,,Celeron,Intel,,x86,2.0,4.0,4.0,,256.0,,,1.0,,3.0,3.0,42.0,15.6,,11.95
87,87,,Core i7-Tiger Lake,Intel,11.0,x86,8.0,24.0,16.0,,512.0,NVIDIA,8.0,,1.0,,4.0,60.0,,,75.899
88,88,ASUS,Core i5,Intel,12.0,x86,12.0,18.0,16.0,,512.0,NVIDIA,4.0,,1.0,1.5,,56.0,15.6,,41.899
89,89,,Corei5,Intel,,x86,6.0,12.0,8.0,,256.0,NVIDIA,4.0,1.0,,2.0,3.0,52.4,15.6,,30.799
90,90,,Core i7-Alder Lake,Intel,12.0,x86,,24.0,16.0,,512.0,,6.0,,,,,90.0,15.6,,61.599
91,91,,Core i7-Tiger Lake,Intel,11.0,x86,4.0,12.0,16.0,,512.0,NVIDIA,2.0,,,,2.0,37.0,,,35.699
92,92,,Corei7,Intel,,x86,14.0,24.0,16.0,,512.0,NVIDIA,6.0,1.0,,2.0,4.0,90.0,15.6,,62.898
93,93,12650H,Core i7 Alder Lake,Intel,12.0,x86,10.0,24.0,32.0,,1000.0,NVIDIA,8.0,,1.0,,4.0,76.0,,,64.481
94,94,,Ryzen 5,AMD,,x86,6.0,16.0,8.0,,512.0,NVIDIA,4.0,1.0,,3.0,4.0,60.0,15.6,,41.2
95,96,,Core i7,intel,11.0,x86,4.0,12.0,8.0,,256.0,,,,1.0,17.0,,48.0,15.6,,18.9
96,97,,Ryzen 5,AMD,5.0,x86,6.0,19.0,16.0,1000.0,256.0,Nvidia,,,1.0,,,45.0,15.6,,29.7
97,98,,Core i3,intel,11.0,x86,2.0,6.0,12.0,1000.0,512.0,,2.0,,0.0,,,38.0,15.6,,20.188
98,99,,Core i9,intel,,x86,,36.0,32.0,,2000.0,,16.0,,1.0,,,91.0,18.0,,333.1
99,100,acer,Core i7-Alder Lake-P,intel,12.0,x86,14.0,24.0,16.0,,512.0,,,1.0,1.0,2.0,,,15.6,,60.8
100,101,,Core i7,Intel,,x86,,12.0,8.0,,1000.0,,0.0,,1.0,,,,15.6,,50.2
101,102,,Ryzen,AMD,,x86,8.0,16.0,16.0,,1000.0,,4.0,,,,,62.0,13.4,,78.499
102,103,,Core i5-Coffee Lake ,Intel,,x86,,6.0,8.0,,512.0,,0.0,,,10.0,,49.2,13.3,,25.9
103,104,,Core i7,Intel,,x86,,8.0,16.0,,256.0,NVIDIA,,0.0,,,,57.0,15.0,,55.4
104,105,6800H,Ryzen 7 AMD-Zen 3,AMD,6.0,x86,8.0,16.0,16.0,,1000.0,NVIDIA,6.0,,1.0,,4.0,80.0,,,51.79
105,106,11800H,Core i7-Tiger Lake,Intel,11.0,x86,8.0,24.0,32.0,,1000.0,NVIDIA,8.0,,1.0,,6.0,83.0,,,70.899
106,107,5800H,Ryzen 7-Zen 3,AMD,5.0,x86,8.0,16.0,32.0,,1000.0,NVIDIA,8.0,,1.0,,5.0,60.0,,,25.7
107,108,MSI,Core i7-Alder Lake,intel,12.0,x86,10.0,24.0,16.0,,512.0,,,,1.0,2.0,,,15.6,,58.874
108,109,12650H,Core i7-Alder Lake-P,Intel,12.0,x86,10.0,24.0,16.0,,1000.0,NVIDIA,4.0,,1.0,,3.0,45.0,,,45.0
109,110,,Core i7-Tiger Lake,Intel,11.0,x86,4.0,12.0,16.0,,512.0,,6.0,,,,,76.0,15.6,,58.499
110,111,12700H,Core i7-Alder Lake-P,Intel,12.0,x86,14.0,24.0,16.0,,1000.0,NVIDIA,8.0,,1.0,,4.0,90.0,,,82.5
111,112,12700H,Core i7-Alder Lake,Intel,12.0,x86,14.0,24.0,16.0,,1000.0,NVIDIA,6.0,,1.0,,8.0,92.0,,,113.249
112,113,RTX 3050TI,Core i7,NVIDIA,,x86,8.0,24.0,16.0,,512.0,,4.0,1.0,,3.0,4.0,60.0,,,58.898
113,114,1115G4,Core i3-Tiger Lake,Intel,11.0,x86,2.0,6.0,8.0,,256.0,NVIDIA,2.0,,,,2.0,38.0,,,16.07
114,115,12450H,Core i5-Alder Lake,Intel,12.0,x86,8.0,12.0,8.0,,512.0,NVIDIA,4.0,,1.0,,4.0,76.0,,,45.4
115,116,5800H,Ryzen 7-Zen 3,AMD,5.0,x86,8.0,16.0,16.0,,1000.0,NVIDIA,6.0,,1.0,,4.0,80.0,,,61.398
116,117,ASUS,Core i7-Alder Lake,Intel,12.0,x86,14.0,24.0,16.0,,1000.0,,,1.0,1.0,5.5,,,16.0,,76.999
117,118,ASUS,Ryzen 7,AMD,,x86,8.0,16.0,16.0,,1000.0,,,1.0,1.0,3.0,,,15.6,,68.5
118,119,,Ryzen 9,AMD,,x86,8.0,16.0,16.0,,1000.0,,6.0,,,,,90.0,15.6,,45.499
119,120,12700H,Core i7 Alder Lake,Intel,12.0,x86,14.0,24.0,32.0,,1000.0,NVIDIA,8.0,,1.0,,,80.0,,,83.188
120,121,1165G7,Core i7 Tiger Lake,Intel,11.0,x86,4.0,12.0,16.0,,1000.0,NVIDIA,2.0,,1.0,,,42.0,,,41.399
121,122,ASUS,Core i7,Intel,,x86,14.0,24.0,16.0,,512.0,,,1.0,1.0,2.0,,,15.6,,50.799
122,123,,Core i7,Intel,12.0,x86,14.0,24.0,16.0,,512.0,NVIDIA,6.0,1.0,1.0,,,,15.6,,27.9
123,124,12500H,Core i5 Alder Lake-P,Intel,12.0,x86,12.0,18.0,16.0,,512.0,NVIDIA,4.0,,1.0,,4.0,56.0,,,48.199
124,125,,Core i5,Intel,,x86,,,8.0,,256.0,NVIDIA,4.0,0.0,,13.5,,,,,18.9
125,126,,Core i9,Intel,,x86,16.0,30.0,128.0,,2000.0,NVIDIA,16.0,,,,4.0,99.9,17.3,,380.0
126,127,N4500,Celeron-Jasper Lake,Intel,,x86,2.0,4.0,4.0,,256.0,,2.0,,1.0,,2.0,39.0,,,27.2
127,128,,Core i3,Intel,11.0,x86,2.0,6.0,4.0,,256.0,,2.0,,,,,38.0,15.6,,17.599
128,129,,Corei7,Intel,,x86,4.0,12.0,8.0,1000.0,128.0,NVIDIA,2.0,1.0,,3.0,2.0,37.0,15.6,,27.598
129,130,5800H,Ryzen 7-Zen 3,AMD,5.0,x86,8.0,16.0,16.0,,512.0,AMD,2.0,,,,3.0,50.0,,,33.3
130,131,ASUS,Core i7-Alder Lake,Intel,12.0,x86,10.0,12.0,8.0,,512.0,,,1.0,0.0,2.0,,,16.0,,37.199
131,132,,Core i7,Intel,,x86,4.0,12.0,16.0,,512.0,NVIDIA,2.0,1.0,,3.0,2.0,37.0,15.6,,29.194
132,133,,Ryzen 5,AMD,5.0,x86,6.0,11.0,12.0,1000.0,256.0,AMD,,,0.0,,,38.0,15.6,,22.5
133,134,12900H,Core i9-Alder Lake,Intel,12.0,x86,14.0,24.0,16.0,,1000.0,NVIDIA,6.0,,1.0,,4.0,90.0,,,89.899
134,135,1155G7,Core i5-Tiger Lake,Intel,11.0,x86,4.0,8.0,8.0,,512.0,NVIDIA,2.0,,,,2.0,38.0,,,25.0
135,136,Apple,M2,Apple,,M2,12.0,,96.0,,1000.0,,0.0,,,,,,16.2,,262.0
136,137,5800H,Ryzen 7-Zen 3,AMD,5.0,x86,8.0,16.0,16.0,,1000.0,NVIDIA,4.0,,1.0,,6.0,96.0,,,54.699
137,138,5800H,Ryzen 7-Zen 3,AMD,5.0,x86,8.0,16.0,16.0,,1000.0,NVIDIA,4.0,,1.0,,3.0,70.0,,,48.5
138,139,HP,Core i7-Alder Lake,Intel,12.0,x86,10.0,12.0,16.0,,1000.0,,,0.0,0.0,2.0,,,14.0,,55.28
139,140,,Core i7,Intel,6.0,x86,,4.0,8.0,,256.0,AMD,2.0,,,,,,15.6,,18.9
140,141,,11th Gen\Tiger Lake,Intel,11.0,x86,4.0,12.0,16.0,,1000.0,,2.0,,,,,70.0,15.6,,38.8
141,142,1235U,Core i5 Alder Lake,Intel,12.0,x86,10.0,12.0,8.0,,512.0,,4.0,,,,3.0,42.0,,,30.399
142,143,,Core i5,Intel,10.0,x86,,6.0,8.0,,128.0,,0.0,0.0,,13.0,,,12.4,,23.4
143,144,,Corei5,Intel,10.0,x86,4.0,8.0,16.0,,1000.0,NVIDIA,4.0,1.0,,2.0,3.0,48.0,15.6,,37.345
144,145,ASUS,Core i7-Alder Lake,Intel,12.0,x86,14.0,24.0,16.0,,1000.0,,,0.0,1.0,5.5,,,15.6,,61.499
145,146,11300H,Core i5 Tiger Lake,Intel,11.0,x86,4.0,8.0,8.0,,512.0,NVIDIA,4.0,,1.0,,3.0,63.0,,,36.15
146,147,5500U,Ryzen 5,AMD,,,6.0,8.0,8.0,,512.0,,2.0,1.0,,3.0,3.0,41.0,,,17.98
147,148,,Core i5,Intel,12.0,x86,,12.0,24.0,,512.0,,6.0,,,,,51.0,15.6,,52.5
148,149,6800H,Ryzen 7-Zen 3,AMD,6.0,x86,8.0,20.0,16.0,,1000.0,NVIDIA,4.0,,1.0,,4.0,56.0,,,52.2
149,150,1215U,Core i3-Alder Lake,Intel,12.0,x86,6.0,10.0,4.0,,256.0,Intel,2.0,,,,3.0,42.0,,,21.999
150,152,12450H,Core i5-Alder Lake,Intel,12.0,x86,8.0,12.0,16.0,,512.0,NVIDIA,4.0,,1.0,,4.0,76.0,,,44.338
151,153,Apple,M2,Apple,,M2,8.0,20.0,8.0,,256.0,Apple,,,1.0,11.0,,52.6,13.6,,60.075
152,154,Apple,M2,Apple,,M2,8.0,20.0,8.0,,512.0,Apple,,,1.0,11.0,,52.6,13.6,,76.7
153,155,1250U,Core i7-Alder Lake,Intel,12.0,x86,10.0,12.0,8.0,,512.0,,4.0,,,,,66.0,,,46.29
154,156,Apple,M2,Apple,,M2,12.0,12.0,16.0,,1000.0,Apple,0.0,,1.0,15.0,,99.6,16.2,,129.999
155,157,,Pentium,Intel,,,,4.0,8.0,,256.0,,0.0,,,,,50.0,13.3,,21.799
156,158,1165G7,Core i7-Tiger Lake,Intel,11.0,x86,4.0,12.0,16.0,,1000.0,NVIDIA,2.0,,,,2.0,37.0,,,36.3
157,159,11400H,Core i5-Tiger Lake,Intel,11.0,x86,6.0,12.0,16.0,,512.0,NVIDIA,4.0,,1.0,,4.0,80.0,,,50.5
158,160,,Core i2,Intel,,x86,,3.0,2.0,250.0,,,,,,,,,14.0,,2.89
159,161,ASUS,Core i7-Alder Lake-P,Intel,12.0,x86,10.0,24.0,16.0,,1000.0,,,1.0,1.0,5.5,,,15.6,,65.498
160,162,,Ryzen 7,AMD,6.0,x86,8.0,16.0,16.0,,1000.0,NVIDIA,4.0,1.0,,2.0,4.0,71.0,15.6,,43.026
161,163,,Core i7,Intel,11.0,x86,4.0,12.0,32.0,,1000.0,,,,1.0,17.0,,48.0,13.5,,86.0
162,164,1115G4,Core i3 Tiger Lake,Intel,11.0,x86,2.0,6.0,4.0,,256.0,,2.0,,,,2.0,38.0,,,17.7
163,165,ROG,Ryzen 9,AMD,5.0,x86,8.0,16.0,16.0,,512.0,AMD,12.0,,1.0,1.5,,,15.6,,73.981
164,166,HP,Core i5-Alder Lake,Intel,12.0,x86,10.0,12.0,8.0,,512.0,,,0.0,0.0,2.0,,,14.0,,42.199
165,167,Apple,M2,Apple,,M2,12.0,12.0,16.0,,1000.0,Apple,0.0,,0.0,18.0,,70.0,14.2,,125.5
166,168,lenova,Ryzen 9,AMD,,x86,8.0,20.0,32.0,,1000.0,,0.0,,1.0,,,76.0,14.0,,92.481
167,169,lenova,Core i3,Intel,11.0,x86,2.0,6.0,8.0,,512.0,,,,,3.0,,38.0,15.6,,19.3
168,170,,Core i5,Intel,11.0,x86,,,8.0,,512.0,,,,,,,56.0,14.0,,24.95
169,171,,Core i5,Intel,11.0,x86,6.0,12.0,16.0,,512.0,nvidia,4.0,1.0,1.0,,4.0,70.0,16.0,,47.799
170,172,,Core i5-Tiger Lake,Intel,11.0,x86,4.0,8.0,8.0,1000.0,,,2.0,,,,,38.0,15.6,,23.5
171,173,,Core i7,Intel,12.0,x86,,24.0,16.0,,1000.0,Nvidia,6.0,,,3.0,,,15.6,,79.799
172,174,,Core i7-Tiger Lake,Intel,11.0,x86,4.0,12.0,8.0,,1000.0,NVIDIA,4.0,,1.0,,4.0,76.0,,,48.481
173,175,,Core i7,Intel,11.0,x86,8.0,24.0,32.0,,1000.0,NVIDIA,4.0,1.0,,3.0,4.0,70.0,16.0,,50.6
174,176,acer,Core i3,intel,12.0,x86,6.0,10.0,4.0,,256.0,,,1.0,0.0,2.0,,,15.6,,23.299
175,177,Microsoft,Core i7,Microsoft,,x86,,8.0,16.0,,512.0,,,0.0,,,,,13.0,,26.9
176,178,,Core i5,,10.0,x86,,,16.0,,256.0,,,,,,,39.0,12.4,,35.7
177,179,,Core i5,intel,10.0,x86,,8.0,8.0,,256.0,Nvidia,4.0,1.0,1.0,,,52.5,15.6,,32.0
178,180,acer,Core i9-Alder Lake-P,intel,12.0,x86,14.0,24.0,16.0,,512.0,,,1.0,1.0,2.0,,,15.6,,65.999
179,181,RTX 3050TI,Ryzen 5,NVIDIA,,,6.0,16.0,16.0,,512.0,,4.0,1.0,,3.0,4.0,60.0,,,41.7
180,182,acer,Core i7,Intel,12.0,x86,12.0,18.0,16.0,,1000.0,,,1.0,1.0,2.0,,,15.6,,40.8
181,183,13620H,Core i7,NVIDIA,,,10.0,24.0,16.0,,1000.0,,,1.0,,2.0,3.0,53.0,,,79.333
182,184,Victus 16,Core i7,Intel,12.0,x86,14.0,24.0,16.0,,1000.0,Nvidia,6.0,,1.0,,,70.0,16.1,,58.999
183,185,600,Celeron,INTEL,,,2.0,4.0,4.0,1000.0,512.0,,2.0,1.0,,3.0,2.0,35.0,,,14.0
184,186,lenovo,Core i9,intel,13.0,x86,24.0,36.0,32.0,,1000.0,,,1.0,1.0,5.5,,,16.0,,192.607
185,187,1255U,Core i7 Alder Lake,Intel,12.0,x86,10.0,12.0,16.0,,512.0,Intel,4.0,,,,3.0,57.0,,,16.27
186,188,ASUS,Ryzen 7,AMD,5.0,x86,8.0,16.0,16.0,,1000.0,,,0.0,1.0,5.5,,,14.0,,51.399
187,189,,Ryzen 7,AMD,5.0,x86,8.0,16.0,32.0,,1000.0,,,,1.0,,,70.0,16.0,,61.45
188,191,,Core i5-Tiger Lake,Intel,11.0,x86,4.0,8.0,8.0,,512.0,,0.0,,,,,67.0,13.3,,39.299
189,192,1165G7,Core i7-Tiger Lake,Intel,11.0,x86,4.0,12.0,16.0,,512.0,NVIDIA,2.0,,1.0,,3.0,52.5,,,15.799
190,193,,Core i7-Tiger Lake,Intel,11.0,x86,8.0,24.0,8.0,,512.0,,,1.0,1.0,2.0,,,15.6,,42.4
191,196,12900H,Core i9-Alder Lake,Intel,12.0,x86,14.0,24.0,16.0,,512.0,NVIDIA,6.0,,1.0,,4.0,90.0,,,81.2
192,197,,Core i7-Alder Lake,Intel,12.0,x86,,12.0,16.0,,512.0,,0.0,,,,,42.0,15.6,,31.8
193,198,TUF,Core i5-Alder Lake,Intel,12.0,x86,12.0,18.0,8.0,,512.0,NVIDIA,4.0,,1.0,1.5,,56.0,15.6,,40.9
194,199,,Core i7-Tiger Lake,Intel,11.0,x86,4.0,12.0,16.0,,1000.0,NVIDIA,4.0,,1.0,,4.0,76.0,,,51.7
195,200,,Core i7,Intel,7.0,x86,,6.0,16.0,,512.0,Nvidia,4.0,,,,,97.0,15.6,,23.0
196,201,,Core i5,Intel,,,5.0,,8.0,,256.0,,,,,,,,12.3,,13.8
197,202,,Ryzen 6000,AMD,6.0,x86,8.0,16.0,16.0,,1000.0,,8.0,,,,,90.0,15.6,,75.599
198,203,,Core i9,Intel,12.0,x86,14.0,24.0,16.0,,1000.0,NVIDIA,4.0,,1.0,,,56.0,13.4,,91.781
199,204,,Ryzen 7,AMD,5.0,x86,8.0,16.0,32.0,,1000.0,NVIDIA,6.0,1.0,,3.0,4.0,60.0,15.6,,53.99
200,205,MSI,Core i9,Intel,13.0,x86,24.0,36.0,64.0,,4000.0,,,1.0,1.0,2.0,,,17.3,,275.0
201,206,11400H,Core i5-Tiger Lake,Intel,11.0,x86,6.0,12.0,16.0,,512.0,NVIDIA,6.0,,1.0,,4.0,90.0,,,49.392
202,207,,Corei7,Intel,11.0,x86,4.0,12.0,12.0,,512.0,NVIDIA,2.0,1.0,,2.0,2.0,38.0,15.6,,28.381
203,208,1165G7,Core i7-Tiger Lake,Intel,11.0,x86,4.0,12.0,8.0,,512.0,NVIDIA,2.0,,1.0,,3.0,42.0,,,37.799
204,209,ASUS,Ryzen 9-Zen 3,AMD,6.0,,8.0,16.0,16.0,,1000.0,,,1.0,1.0,3.0,,,17.3,,75.199
205,210,ASUS,Core i5-Alder Lake,Intel,12.0,x86,10.0,12.0,16.0,,512.0,,,1.0,0.0,2.0,,,16.0,,29.899
206,211,12700H,Core i7 Alder Lake,Intel,12.0,x86,14.0,24.0,16.0,,1000.0,NVIDIA,8.0,,1.0,,4.0,80.0,,,81.5
207,212,ASUS,Core i7-Alder Lake-P,Intel,12.0,x86,14.0,24.0,16.0,,1000.0,,,1.0,1.0,3.0,,,17.3,,47.222
208,213,5800H,Ryzen 7-Zen 3,AMD,5.0,x86,8.0,16.0,16.0,1000.0,512.0,NVIDIA,4.0,,1.0,,3.0,45.0,,,43.399
209,214,HP,Core i7,Intel,7.0,x86,2.0,8.0,8.0,,,AMD,2.0,,,15.0,3.0,51.0,15.6,1.0,24.455
210,215,1135G7,Core i5-Tiger Lake,Intel,11.0,x86,4.0,8.0,16.0,,512.0,NVIDIA,2.0,,1.0,,3.0,42.0,,,34.593
211,216,ASUS,Celeron,Intel,,x86,2.0,8.0,4.0,,256.0,,,1.0,0.0,2.0,,,14.0,,14.7
212,217,MX330,Core i7,,,,4.0,12.0,16.0,,512.0,,2.0,1.0,,3.0,,37.0,,,36.576
213,218,11400H,Core i5-Tiger Lake,Intel,11.0,x86,6.0,12.0,32.0,,1000.0,NVIDIA,4.0,,1.0,,,90.0,,,43.3
214,219,,Core i7,Intel,7.0,,8.0,,16.0,,512.0,NVidia,,,,,,,15.6,,25.5
215,220,,Ryzen 7,AMD,5.0,x86,,8.0,16.0,,1000.0,NVIDIA,4.0,1.0,1.0,2.0,,48.0,15.6,,34.49
216,221,6800H,Ryzen 7-Zen 3,AMD,6.0,x86,8.0,20.0,16.0,,1000.0,NVIDIA,6.0,,1.0,,4.0,90.0,,,67.999
217,222,,Core i7,Intel,10.0,x86,,,16.0,,256.0,,,0.0,1.0,11.5,,,13.5,,55.433
218,223,,Athlon 64,,,,,,4.0,,250.0,,1.5,,,,,,,,4.99
219,225,lenovo,Core i7,Intel,12.0,x86,10.0,24.0,32.0,,1000.0,,,1.0,1.0,3.0,,,15.6,,51.499
220,226,Microsoft,,Intel,,,5.0,,8.0,256.0,256.0,,,,,6.0,,,12.3,,22.5
221,228,Vivobook,Core i5,Intel,11.0,x86,4.0,8.0,16.0,,512.0,NVIDIA,2.0,,1.0,,,37.0,15.6,,30.5
222,230,,Core i7-Alder Lake,Intel,11.0,x86,8.0,24.0,8.0,,512.0,Nvidia,4.0,1.0,,4.0,,,15.6,,38.0
223,231,12700H,Core i7-Alder Lake,Intel,12.0,x86,14.0,24.0,12.0,,512.0,,4.0,,1.0,,,70.0,,,43.99
224,232,,Corei 5,Intel,11.0,x86,6.0,12.0,16.0,,512.0,NVIDIA,6.0,1.0,,2.0,,48.0,15.6,,44.0
225,233,,Core i7-Alder Lake,Intel,12.0,x86,6.0,24.0,16.0,,1000.0,,6.0,,,,,53.5,15.6,,71.8
226,234,Apple,M2,Apple,,M2,,12.0,8.0,,512.0,Apple,,,,17.0,,,13.3,,76.1
227,235,7945HX,Ryzen 9-Zen 4,AMD,7.0,x86,16.0,64.0,64.0,,4000.0,NVIDIA,16.0,,1.0,,,90.0,,,344.979
228,236,ASUS,Ryzen 5,AMD,,x86,6.0,16.0,,,512.0,,2.0,,1.0,,,50.0,16.0,,28.3
229,237,MSI,Core i3-Raptor Lake,Intel,13.0,x86,6.0,10.0,8.0,,512.0,,,,0.0,2.0,,,14.0,,25.898
230,238,,Ryzen 9,AMD,,x86,,64.0,32.0,,1000.0,,16.0,,1.0,,,90.0,16.0,,323.6
231,239,Apple,M1,Apple,,M1,10.0,24.0,16.0,,1000.0,Apple,,,1.0,11.0,,70.0,14.2,,109.588
232,240,,Core i7,intel,8.0,,,9.0,32.0,,512.0,NVIDIA,4.0,1.0,1.0,8.0,,95.0,15.6,,26.6
233,241,,Core i7-Alder Lake,intel,12.0,x86,10.0,24.0,16.0,,1000.0,,,,1.0,2.0,,,15.6,,53.3
234,242,Microsoft,,Intel,,,7.0,,32.0,1000.0,,NVIDIA,,,,15.5,,,15.0,,109.0
235,243,,Core i7,,8.0,,,8.0,16.0,,512.0,Nvidia,2.0,0.0,,,,,13.5,,42.0
236,244,,Ryzen 7,AMD,6.0,x86,8.0,20.0,16.0,,1000.0,NVIDIA,6.0,1.0,,3.0,4.0,90.0,15.6,,60.977
237,245,RTX 3050,Core i5,NVIDIA,,,12.0,18.0,16.0,,1000.0,,,1.0,,2.0,4.0,57.0,,,41.989
238,246,,Athlon,AMD,,3050E,2.0,8.0,4.0,,128.0,,0.0,1.0,,3.0,2.0,35.0,11.6,,9.888
239,247,Razer,Core i7,Intel,9.0,x86,9.0,,16.0,256.0,,NVIDIA,6.0,,,,,,15.6,,54.989
240,248,,Core i7,Intel,11.0,x86,4.0,12.0,8.0,1000.0,256.0,Nvidia,,,1.0,,,45.0,15.6,,23.499
241,249,,Core i3,Intel,11.0,x86,2.0,6.0,8.0,,256.0,,2.0,1.0,,2.0,2.0,38.0,15.6,,16.195
242,250,,Core i7,Intel,8.0,x86,,9.0,16.0,,512.0,,4.0,,,9.0,,,15.6,,28.49
243,251,,Corei7,Intel,11.0,x86,8.0,24.0,16.0,,512.0,NVIDIA,6.0,1.0,,4.0,6.0,83.0,16.1,,64.799
244,252,,Core i5,intel,10.0,x86,,6.0,8.0,,128.0,,0.0,0.0,,11.0,,,,,29.0
245,253,ASUS,Ryzen 7-Zen 3,AMD,6.0,,8.0,16.0,8.0,,512.0,,,1.0,,2.0,,,15.6,,48.899
246,254,,core i5,intel,,,,,8.0,,256.0,,,0.0,1.0,,6.0,,15.4,,23.0
247,255,ASUS,Core i3-Alder Lake,intel,12.0,x86,6.0,10.0,8.0,,256.0,,,1.0,0.0,2.0,,,15.6,,21.899
248,256,,Core i9,Intel,13.0,x86,,36.0,64.0,2000.0,,Nvidia,16.0,,1.0,,4.0,20.0,,,246.59
249,257,Zenbook,Core i7,Intel,11.0,x86,,12.0,16.0,,1000.0,NVIDIA,2.0,,1.0,,,,14.0,,81.2
250,258,13700H,Core i7-Raptor Lake,Intel,13.0,x86,14.0,24.0,16.0,,1000.0,NVIDIA,6.0,,1.0,,4.0,70.0,,,50.281
251,259,,RYZEN 7,AMD,,,,16.0,16.0,1000.0,512.0,,4.0,,,,,,,,32.2
252,260,,Corei 5,Intel,11.0,x86,4.0,8.0,16.0,1000.0,512.0,NVIDIA,2.0,1.0,,3.0,2.0,37.0,15.6,,29.35
253,261,,Corei 7,Intel,11.0,x86,8.0,24.0,16.0,,512.0,NVIDIA,4.0,1.0,,2.0,3.0,48.0,15.6,,48.97
254,262,dell,Ryzen,AMD,,x86,8.0,24.0,16.0,,512.0,NVIDIA,10.0,1.0,1.0,,6.0,86.0,15.6,,58.499
255,263,,Core i5-Tiger Lake,Intel,11.0,x86,4.0,8.0,16.0,1000.0,256.0,,4.0,,,,,45.0,15.6,,38.3
256,264,7735HS,Ryzen 7-Zen 3,AMD,7.0,x86,8.0,16.0,16.0,,512.0,NVIDIA,8.0,,1.0,,4.0,90.0,,,68.87
257,265,,Core i5,MSI,11.0,x86,6.0,12.0,8.0,,512.0,NVIDIA,10.0,1.0,1.0,,4.0,53.0,15.6,,39.999
258,266,,Core i7,Intel,13.0,x86,10.0,24.0,16.0,,512.0,Nvidia,,,1.0,,,60.0,15.6,,64.64
259,267,,Corei7,Intel,10.0,x86,4.0,12.0,12.0,1000.0,256.0,NVIDIA,2.0,1.0,,3.0,2.0,37.0,15.6,,31.29
260,268,,Core i7,Intel,12.0,x86,,24.0,16.0,512.0,,Nvidia,4.0,,1.0,,4.0,130.0,,,69.0
261,269,,Core i5,Intel,11.0,x86,6.0,12.0,8.0,,512.0,Nvidia,,,1.0,,,80.0,15.6,,38.398
262,270,5500U,Ryzen 5-Zen 2,AMD,5.0,x86,6.0,8.0,12.0,,512.0,,2.0,,,,2.0,38.0,,,19.0
263,271,,Ryzen 7,AMD,6.0,x86,8.0,16.0,16.0,,512.0,NVIDIA,,1.0,1.0,2.0,,,15.6,,61.999
264,272,,Ryzen 5,AMD,5.0,x86,6.0,16.0,8.0,,512.0,nvidia,4.0,0.0,1.0,,3.0,52.0,15.6,,30.2
265,273,,Core i5-Tiger Lake,intel,11.0,x86,4.0,8.0,8.0,1000.0,256.0,,,1.0,1.0,2.0,,,15.6,,40.888
266,274,5800H,Ryzen 7-Zen 3,AMD,5.0,x86,8.0,16.0,16.0,,1000.0,NVIDIA,6.0,,1.0,,4.0,60.0,,,42.44
267,275,,Core i7,intel,11.0,x86,4.0,6.0,8.0,1000.0,0.0,Nvidia,,,0.0,,,36.0,15.6,,28.989
268,276,,Core i7,intel,10.0,x86,,8.0,16.0,,1000.0,,0.0,0.0,1.0,10.0,,60.0,13.3,,64.2
269,277,11300H,Core i5-Tiger Lake,Intel,11.0,x86,4.0,8.0,8.0,,512.0,NVIDIA,4.0,,1.0,,3.0,45.0,,,33.1
270,278,Apple,M2,Apple,,M2,8.0,20.0,8.0,,512.0,Apple,,,1.0,11.0,,52.6,13.6,,77.7
271,279,1115G4,Core i3-Tiger Lake,Intel,11.0,x86,2.0,6.0,8.0,,512.0,,2.0,,1.0,,2.0,37.0,,,20.799
272,280,HP,Core i7-Alder Lake,Intel,12.0,x86,12.0,18.0,16.0,,1000.0,,,0.0,1.0,5.0,,,16.0,,88.999
273,281,TUF,Core i7-Alder Lake-P,Intel,12.0,x86,14.0,24.0,16.0,,512.0,NVIDIA,4.0,,1.0,1.5,,56.0,15.6,,56.777
274,282,,Core i7-Tiger Lake,Intel,11.0,x86,8.0,24.0,16.0,,512.0,,4.0,,,,,80.0,15.6,,49.0
275,283,,Core i7,Intel,11.0,x86,,24.0,8.0,,512.0,Nvidia,4.0,1.0,1.0,,,53.6,15.6,,46.5
276,284,,Corei7,Intel,10.0,x86,4.0,12.0,8.0,,512.0,NVIDIA,2.0,1.0,,3.0,2.0,37.0,15.6,,28.5
277,285,Redmi,Core i5,Intel,11.0,x86,,,16.0,,512.0,,,,,,,55.2,16.1,,52.5
278,286,,Core i5,Intel,10.0,x86,4.0,8.0,8.0,,512.0,Nvidia,4.0,1.0,1.0,,,57.0,15.6,,39.999
279,287,,Core i3,Intel,11.0,x86,2.0,6.0,4.0,,512.0,,2.0,,1.0,2.0,,37.0,14.0,,19.384
280,288,,Core i5 Comet Lake,Intel,10.0,x86,4.0,8.0,8.0,,1000.0,NVIDIA,4.0,,1.0,,3.0,48.0,,,38.2
281,289,,Ryzen 7-Zen 3,AMD,6.0,x86,8.0,16.0,32.0,,2000.0,NVIDIA,6.0,,1.0,,4.0,80.0,,,74.799
282,290,,Corei7,Intel,11.0,x86,8.0,24.0,16.0,,512.0,NVIDIA,4.0,1.0,,3.0,4.0,70.0,16.1,,54.299
283,291,,Corei5,Intel,11.0,x86,,8.0,8.0,,256.0,INTEL,4.0,0.0,,6.0,,45.0,13.5,,49.788
284,292,,Core i7,Intel,10.0,x86,,12.0,8.0,1000.0,512.0,NVIDIA,6.0,,1.0,,,,15.0,,46.99
285,293,,Core i7,Intel,12.0,x86,10.0,12.0,16.0,,256.0,,,,,15.0,,45.8,,,89.0
286,294,,Core i9-Alder Lake,Intel,12.0,x86,14.0,24.0,32.0,,1000.0,NVIDIA,8.0,,1.0,,4.0,90.0,,,118.499
287,295,,Core i5,intel,,,8.0,12.0,16.0,,1000.0,NVIDIA,,1.0,,2.0,3.0,45.0,,,39.0
288,296,,Corei 7,Intel,13.0,x86,,8.0,32.0,,1000.0,NVIDIA,,0.0,,,,57.0,13.5,,91.0
289,297,lenovo,Corei 7,Intel,10.0,x86,6.0,12.0,32.0,,2000.0,,,1.0,1.0,2.0,,,15.6,,57.79
290,298,Apple,M1,Apple,,M1,8.0,12.0,8.0,,512.0,Apple,,,1.0,17.0,,58.0,13.3,,69.0
291,299,,Ryzen 7,AMD,5.0,x86,8.0,16.0,16.0,,512.0,,6.0,,,,,60.0,15.6,,43.0
292,300,,Core i7,Intel,12.0,x86,10.0,24.0,16.0,,512.0,Nvidia,4.0,,1.0,,,52.5,15.6,,49.7
293,301,MSI,Core i5,Intel,12.0,x86,8.0,12.0,8.0,,512.0,,,1.0,1.0,2.0,,,17.3,,45.949
294,302,,Ryzen 7-Zen 3,AMD,5.0,x86,8.0,16.0,16.0,,1000.0,,8.0,,1.0,,4.0,70.0,,,57.0
295,303,,,AMD,,,,,4.0,,256.0,,0.5,1.0,,,,,13.3,,9.8
296,305,Apple,M1,Apple,,M1,,,16.0,,512.0,Apple,0.0,0.0,1.0,,,70.0,14.2,,97.5
297,306,,Core i3,intel,10.0,x86,2.0,12.0,8.0,1000.0,128.0,NVIDIA,2.0,1.0,,3.0,2.0,35.0,15.6,,16.7
298,307,P1000,Xeon,NVIDIA,,,6.0,12.0,16.0,,512.0,,,,,8.0,6.0,90.5,,,32.7
299,308,,Ryzen 3,AMD,,x86,,,16.0,,512.0,,,,,,,,,,20.2
300,309,,Core i5-Tiger Lake,Intel,11.0,x86,4.0,8.0,8.0,1000.0,128.0,,2.0,,,,,57.0,15.6,,29.5
301,311,ASUS,Core i5-Alder Lake,intel,12.0,x86,12.0,18.0,8.0,,1000.0,,,0.0,1.0,3.0,,,15.6,,32.999
302,312,,Core i3,intel,11.0,x86,2.0,12.0,8.0,,512.0,,4.0,1.0,,3.0,2.0,37.0,,,18.949
303,313,,Core i7-Tiger Lake,Intel,11.0,x86,4.0,12.0,12.0,,512.0,NVIDIA,2.0,,,,2.0,37.0,,,31.0
304,314,,Core i3,Intel,11.0,x86,2.0,8.0,4.0,1000.0,,Nvidia,,,0.0,,,36.0,15.6,,15.0
305,315,,Corei3,Intel,11.0,x86,2.0,8.0,12.0,,512.0,NVIDIA,2.0,1.0,,2.0,2.0,38.0,15.6,,19.16
306,316,,Core i7 Alder Lake,Intel,12.0,x86,14.0,24.0,16.0,,1000.0,NVIDIA,4.0,,1.0,,3.0,57.6,,,53.681
307,317,,Ryzen 5,AMD,5.0,X86,6.0,11.0,8.0,1000.0,256.0,,,,0.0,,,38.0,15.6,,20.9
308,318,,Ryzen 7-Zen 3,AMD,6.0,x86,8.0,16.0,8.0,,512.0,NVIDIA,4.0,,1.0,,4.0,56.0,,,48.379
309,319,,Ryzen 5,AMD,5.0,x86,,,16.0,,512.0,Nvidia,4.0,,,,,,16.1,,32.7
310,320,,Core i5-Tiger Lake,Intel,11.0,x86,4.0,10.0,8.0,,256.0,,4.0,,1.0,,3.0,52.5,,,36.999
311,321,,Ryzen 7-Zen 3,AMD,6.0,x86,8.0,16.0,32.0,,1000.0,NVIDIA,6.0,,1.0,,4.0,80.0,,,71.99
312,322,,Ryzen 5,AMD,5.0,x86,,8.0,8.0,,512.0,,0.0,0.0,1.0,,,42.0,15.6,,22.599
313,323,Apple,M2,Apple,,M2,8.0,20.0,8.0,,256.0,Apple,,,1.0,,,52.6,13.6,,64.0
314,324,,Core i3-Tiger Lake,Intel,11.0,x86,2.0,12.0,4.0,,128.0,,2.0,,1.0,,2.0,37.0,,,18.199
315,325,,Core i3,Intel,12.0,x86,6.0,10.0,8.0,,256.0,,,1.0,,2.0,3.0,41.0,,,17.3
316,326,,Ryzen 5,AMD,5.0,x86,,8.0,8.0,,256.0,,0.0,1.0,,,,41.0,15.6,,23.44
317,327,,Core i 9-Alder Lake,Intel,12.0,x86,14.0,24.0,32.0,,1000.0,NVIDIA,16.0,,1.0,,4.0,90.0,,,136.398
318,328,,Corei 5,Intel,11.0,x86,4.0,10.0,8.0,1000.0,256.0,NVIDIA,2.0,1.0,,2.0,3.0,38.0,15.6,,24.1
319,329,,Core i3-Tiger Lake,Intel,11.0,x86,2.0,12.0,4.0,,256.0,,2.0,,,,,70.0,15.6,,18.76
320,330,,Core i7-Tiger Lake,Intel,11.0,x86,8.0,24.0,16.0,,1000.0,NVIDIA,6.0,,1.0,,4.0,70.0,,,64.15
321,331,,Core i7,Intel,,x86,,4.0,4.0,,128.0,,,,,,,,,,10.7
322,332,,Core i7-Alder Lake,Intel,12.0,x86,14.0,24.0,16.0,,512.0,,8.0,,,,,90.0,15.6,,84.299
323,333,,Core i9,Intel,13.0,x86,,36.0,16.0,1000.0,,Nvidia,8.0,,1.0,,,140.0,,,89.73
324,334,,Core i7,Intel,10.0,x86,4.0,10.0,16.0,,256.0,Nvidia,,,1.0,17.0,,51.0,13.5,,68.1
325,336,,Ryzen 5-Zen 3,AMD,5.0,x86,6.0,16.0,16.0,,1000.0,NVIDIA,4.0,,1.0,,4.0,60.0,,,41.295
326,337,,Corei 5,intel,10.0,X86,4.0,10.0,16.0,1000.0,512.0,NVIDIA,4.0,1.0,,2.0,3.0,48.0,15.6,,35.9
327,338,,Core i7,Intel,,X86,,24.0,16.0,,512.0,NVIDIA,4.0,,1.0,,,,15.6,,53.89
328,339,,Core i7,Intel,10.0,X86,,10.0,16.0,,1000.0,Nvidia,2.0,,1.0,,,56.0,13.9,,50.0
329,340,,Core i7,Intel,12.0,X86,14.0,24.0,16.0,,512.0,NVIDIA,4.0,,,3.0,3.0,70.0,15.6,,57.5
330,341,,Core i9,intel,13.0,X86,11.0,36.0,32.0,,2000.0,,16.0,,1.0,,,90.0,18.0,,172.65
331,343,,Ryzen 7-Zen 3,AMD,5.0,x86,8.0,16.0,16.0,,512.0,NVIDIA,4.0,,1.0,,4.0,76.0,,,59.1
332,344,,Core i7,intel,10.0,x86,,10.0,16.0,,512.0,Nvidia,2.0,,,,,41.7,13.0,,35.0
333,345,MSI,Core i5-Raptor Lake,intel,13.0,x86,10.0,12.0,16.0,,512.0,,,,1.0,2.0,,,14.0,,36.3
334,346,,,,,,9.0,,16.0,1000.0,,,,,,,,,,,132.0
335,347,,Celeron-Lake Refresh,Intel,,x86,2.0,8.0,4.0,,256.0,,0.0,,,,,35.0,15.6,,8.79
336,348,,Core i7,,12.0,x86,,12.0,8.0,,512.0,Nvidia,2.0,1.0,1.0,,,50.0,15.6,,32.6
337,349,,Core i5-Tiger Lake,Intel,11.0,x86,6.0,12.0,8.0,,512.0,NVIDIA,4.0,,1.0,,,48.0,,,45.798
338,350,,Core i7,Intel,11.0,x86,4.0,12.0,16.0,,512.0,IRIS XE,8.0,1.0,1.0,,,54.0,13.3,,47.5
339,351,,Core i5,Intel,,x86,,,8.0,,256.0,,4.0,1.0,,,,,12.5,,10.4
340,352,,Core i7,Intel,,x86,,8.0,18.0,,1000.0,Nvidia,6.0,,1.0,17.0,,,15.0,,43.8
341,354,,Core i9,,12.0,x86,14.0,24.0,16.0,,1000.0,NVIDIA,4.0,,,2.0,,56.0,13.4,,92.279
342,355,,Core i7-Tiger Lake,Intel,11.0,x86,4.0,12.0,16.0,,1000.0,,4.0,,,,,63.0,15.6,,46.89
343,356,5600H,Ryzen 5-Zen 3,AMD,5.0,x86,6.0,16.0,16.0,1000.0,256.0,NVIDIA,4.0,,1.0,,,45.0,,,39.6
344,357,,Core i7,Intel,12.0,x86,14.0,24.0,16.0,,1000.0,NVIDIA,,,1.0,,,,17.0,,81.0
345,358,,Core i5-Ice Lake,Intel,10.0,x86,4.0,8.0,8.0,1000.0,256.0,,2.0,,,,,36.0,15.6,,26.55
346,359,,Core i5,Intel,6.0,x86,,8.0,4.0,,128.0,,0.0,,1.0,4.5,,,12.0,,12.0
347,360,,Core i5,Intel,11.0,x86,,12.0,8.0,,512.0,NVIDIA,4.0,1.0,1.0,3.0,,51.0,15.6,,33.8
348,361,,Core i7,Intel,8.0,x86,,8.0,16.0,,512.0,Nvidia,6.0,,1.0,17.0,,,15.0,,69.5
349,362,ASUS,Ryzen7-Zen 3,AMD,5.0,x86,8.0,16.0,16.0,,512.0,,,,1.0,2.0,,,15.6,,38.445
350,363,12650H,Core i7 Alder Lake-P,Intel,12.0,x86,10.0,24.0,16.0,,1000.0,NVIDIA,4.0,,1.0,,4.0,76.0,,,56.888
351,365,,Core i7,Intel,3.0,x86,7.0,,12.0,1000.0,,Nvidia,2.0,1.0,1.0,,,,15.6,,15.0
352,366,5600H,Ryzen 5-Zen 3,AMD,5.0,x86,6.0,16.0,16.0,,512.0,NVIDIA,4.0,,1.0,,6.0,96.0,,,47.688
353,367,,Ryzen 7,AMD,5.0,x86,,8.0,16.0,,512.0,Nvidia,4.0,1.0,1.0,,,48.0,15.6,,34.4
354,368,Vivobook,Core i 7,Intel,11.0,x86,4.0,12.0,16.0,,512.0,,0.0,,1.0,,,42.0,,,27.989
355,370,,Core i3,Intel,10.0,x86,,8.0,4.0,1000.0,,,0.0,1.0,,,,32.0,14.0,,14.777
356,371,,Core i9,Intel,13.0,X86,,36.0,16.0,1000.0,,Nvidia,12.0,,1.0,,4.0,,,,163.3
357,372,Apple,M2,Apple,,M2,12.0,12.0,32.0,,1000.0,,,,1.0,22.0,,,16.0,,175.0
358,373,,Ryzen 7-Zen 3,AMD,6.0,x86,8.0,20.0,16.0,,1000.0,NVIDIA,4.0,,1.0,,4.0,56.0,,,59.481
359,374,,Celeron,Intel,,x86,2.0,6.0,4.0,1000.0,,,,1.0,,3.0,2.0,37.0,15.6,,13.9
360,375,,Core i7,intel,,x86,4.0,12.0,32.0,,2000.0,NVIDIA,,,,3.0,,58.0,,,159.0
361,376,lenovo,Celeron,intel,,x86,2.0,6.0,4.0,,256.0,,0.0,,,,,35.0,14.0,,11.281
362,377,,Core i7,intel,8.0,x86,,8.0,16.0,,256.0,NVIDIA,2.0,,,16.25,,,14.0,,28.0
363,378,,Core i7,,10.0,x86,,8.0,16.0,,512.0,,,,1.0,11.0,,,13.0,,29.9
364,379,,Core i7-Tiger Lake,Intel,11.0,x86,4.0,12.0,16.0,1000.0,256.0,NVIDIA,2.0,,1.0,,4.0,57.0,,,36.6
365,380,,Ryzen 7-Zen 3,AMD,6.0,x86,8.0,16.0,16.0,,512.0,NVIDIA,4.0,,1.0,,4.0,71.0,,,41.2
366,381,,Corei 7,Intel,12.0,x86,14.0,24.0,16.0,,1000.0,NVIDIA,8.0,1.0,,2.0,4.0,99.0,15.6,,66.5
367,382,ASUS,Core i5-Alder Lake,,12.0,x86,10.0,12.0,8.0,,512.0,,,1.0,,2.0,,,16.0,,28.555
368,383,,Core i7-Tiger Lake,Intel,11.0,x86,8.0,24.0,16.0,,1000.0,NVIDIA,4.0,,1.0,,4.0,70.0,,,50.2
369,384,MSI,Core i5,Intel,10.0,x86,6.0,,8.0,256.0,,intel,4.0,,,,,,,,34.0
370,386,Apple,M1,Apple,,M1,,,64.0,,4000.0,,,,1.0,18.0,,100.0,16.2,,230.0
371,387,,Ryzen 7,AMD,3.0,x86,4.0,6.0,12.0,1000.0,256.0,AMD,,1.0,,3.0,2.0,35.0,15.6,,25.85
372,388,,Celeron,Intel,,x86,,4.0,4.0,,128.0,Intel,,,,,,,10.1,,7.5
373,389,,Core i5-Alder Lake,Intel,12.0,x86,10.0,12.0,16.0,,512.0,Intel,4.0,,,,3.0,42.0,,,28.697
374,390,HP,Core i5,Intel,,x86,2.0,4.0,8.0,,256.0,,4.0,,,,,,,,13.5
375,391,,Core i7-Tiger Lake,Intel,11.0,x86,4.0,12.0,8.0,,512.0,NVIDIA,2.0,,1.0,,3.0,42.0,,,54.2
376,392,,Core i9-Alder Lake,Intel,12.0,x86,14.0,24.0,16.0,,1000.0,NVIDIA,8.0,,1.0,,4.0,90.0,,,124.481
377,393,,Ryzen 9-Zen 4,AMD,7.0,x86,8.0,16.0,32.0,,1000.0,NVIDIA,16.0,,1.0,,4.0,76.0,,,327.979
378,394,,Core i7,Intel,11.0,x86,4.0,12.0,12.0,1000.0,256.0,NVIDIA,2.0,1.0,,2.0,2.0,38.0,15.6,,29.4
379,395,,Core i9,Intel,,x86,14.0,24.0,16.0,,1000.0,NVIDIA,,,,2.0,3.0,53.0,,,87.999
380,396,,Core i7,Intel,12.0,x86,10.0,24.0,16.0,,512.0,NVIDIA,6.0,1.0,,3.0,4.0,60.0,15.6,,49.16
381,397,,Ryzen 7-Zen 3,AMD,6.0,x86,8.0,20.0,32.0,,1000.0,NVIDIA,4.0,,1.0,,4.0,62.0,,,76.999
382,398,,Core i9,Intel,,x86,,36.0,64.0,,0.0,,16.0,,1.0,,,99.0,17.0,,299.3
383,399,,Core i7-Tiger Lake,Intel,11.0,x86,4.0,12.0,16.0,,1000.0,,0.0,,,,,67.0,13.3,,36.699
384,400,,Corei7,Intel,12.0,x86,10.0,24.0,16.0,,512.0,NVIDIA,4.0,1.0,,3.0,3.0,70.0,15.6,,50.2
385,401,,Core i7,Intel,11.0,x86,,12.0,16.0,,1000.0,Nvidia,4.0,,1.0,,,63.0,14.0,,34.199
386,402,,Core i9,Intel,11.0,x86,8.0,24.0,16.0,,512.0,NVIDIA,8.0,,,4.0,4.0,59.0,15.6,,110.2
387,403,,Core i7-Tiger Lake,Intel,11.0,x86,8.0,24.0,16.0,,512.0,,4.0,,,,,48.0,15.6,,50.87
388,404,,Ryzen 3,AMD,,,,,4.0,,256.0,,,,,,,,,,17.15
389,405,MSI,Core i7-Raptor Lake,Intel,13.0,x86,10.0,24.0,16.0,,1000.0,,,,1.0,2.0,,,15.6,,72.0
390,406,,Core i7,Intel,12.0,x86,14.0,24.0,16.0,,1000.0,,,1.0,1.0,2.0,,,15.6,,68.2
391,407,lenova,Core i9,Intel,13.0,x86,24.0,36.0,32.0,,2000.0,,,1.0,1.0,5.5,,,16.0,,195.7
392,409,,Core i7,Intel,6.0,x86,,10.0,8.0,,256.0,NVIDIA,2.0,1.0,1.0,,,62.0,15.6,,15.0
393,410,Apple,M2,Apple,,M2,,,16.0,,1000.0,Apple,,,1.0,,,52.6,13.6,,104.1
394,412,,Core i5-Raptor Lake,Intel,13.0,x86,8.0,8.0,8.0,,1000.0,NVIDIA,4.0,,1.0,,3.0,52.5,,,35.5
395,413,,Core i7,Intel,10.0,x86,4.0,8.0,32.0,,512.0,Nvidia GeForce,,,1.0,17.0,,51.5,13.5,,102.867
396,414,ASUS,Ryzen,AMD,4.0,Ryzen 5,6.0,8.0,8.0,,1000.0,,,,1.0,3.0,,,15.6,,38.981
397,415,HP,Core i7-Alder Lake,Intel,12.0,x86,10.0,12.0,32.0,,1000.0,,,,1.0,2.0,,,15.6,,68.15
398,416,,Core i5,Intel,12.0,x86,,12.0,16.0,512.0,,Nvidia,2.0,,1.0,11.0,,100.0,,,38.36
399,417,,Core i7 Tiger Lake,Intel,11.0,x86,4.0,12.0,24.0,,1000.0,NVIDIA,4.0,,1.0,,4.0,76.0,,,60.2
400,418,,Core i5-Alder Lake,,12.0,x86,10.0,12.0,8.0,,512.0,,,1.0,1.0,2.0,,,15.6,,28.249
401,420,,Ryzen 7-Zen 3,AMD,6.0,x86,8.0,16.0,16.0,,2000.0,NVIDIA,6.0,,1.0,,4.0,90.0,,,60.35
402,421,,Core i9,Intel,11.0,x86,8.0,24.0,128.0,,1000.0,,,,,,,,,,75.0
403,422,,Core i5,Intel,11.0,x86,4.0,8.0,16.0,,512.0,Intel,,,1.0,19.0,,58.0,14.4,,79.6
404,423,,Ryzen 7,AMD,5.0,x86,2.0,12.0,16.0,,512.0,AMD,,1.0,,3.0,3.0,42.0,15.6,,27.8
405,424,Apple,Apple,Apple,,M2,12.0,48.0,64.0,1000.0,,Apple,0.0,,1.0,22.0,,100.0,16.2,,230.9
406,425,,Core i7-Alder Lake,Intel,12.0,x86,6.0,24.0,16.0,,1000.0,,4.0,,,,,53.5,15.6,,57.5
407,426,,Core i9,Intel,12.0,x86,14.0,24.0,16.0,,1000.0,NVIDIA,8.0,1.0,,2.0,4.0,90.0,16.0,,94.444
408,427,,Ryzen 9-Zen 3,AMD,6.0,x86,8.0,20.0,32.0,,1000.0,NVIDIA,16.0,,1.0,,4.0,90.0,,,198.0
409,428,,Ryzen 7,AMD,6.0,x86,8.0,16.0,16.0,,512.0,Nvidia,4.0,,1.0,,,56.0,15.6,,49.181
410,429,,Core i7,Intel,13.0,x86,10.0,12.0,16.0,,512.0,,,,1.0,,,53.8,15.6,,42.723
411,430,,Core i5,Intel,11.0,x86,4.0,8.0,16.0,,256.0,NVIDIA,,,,3.0,,58.0,,,71.189
412,431,,Ryzen 5,AMD,,,6.0,16.0,8.0,,256.0,,,,,4.0,3.0,51.0,,,28.4
413,432,,Celeron,Intel,9.0,x86,2.0,6.0,4.0,,128.0,,,,,,,42.0,14.0,,10.5
414,433,,Core i9-Alder Lake,Intel,12.0,x86,14.0,24.0,16.0,,1000.0,NVIDIA,6.0,,1.0,,4.0,90.0,,,110.2
415,434,,Core i5,Intel,11.0,x86,4.0,8.0,8.0,,512.0,GEFORCE,2.0,1.0,,,3.0,41.0,15.6,,26.2
416,435,,Ryzen 9-Zen 3,AMD,6.0,x86,8.0,20.0,32.0,,1000.0,NVIDIA,8.0,,1.0,,4.0,90.0,,,88.1
417,437,,Ryzen 7,AMD,4.0,x86,,8.0,16.0,,512.0,NVIDIA,4.0,1.0,1.0,2.0,,56.0,15.6,,43.0
418,438,,Corei7,Intel,11.0,x86,4.0,12.0,16.0,,512.0,INTEL,4.0,,,6.0,,45.0,13.5,,77.499
419,439,,Core i7,Intel,11.0,x86,,12.0,16.0,,512.0,Intel,0.0,1.0,1.0,,,63.0,14.0,,78.599
420,440,,Ryzen 7,AMD,7.0,x86,,16.0,16.0,512.0,,Nvidia,8.0,,1.0,,,175.0,,,61.99
421,441,,Ryzen 7,AMD,,x86,8.0,16.0,16.0,,1000.0,NVIDIA,6.0,1.0,,3.0,4.0,60.0,,,54.7
422,442,,Core i7,Intel,,x86,8.0,24.0,16.0,,1000.0,NVIDIA,4.0,1.0,,3.0,4.0,60.0,,,63.85
423,443,,Ryzen 7,AMD,6.0,x86,8.0,16.0,16.0,,1000.0,NVIDIA,8.0,1.0,,2.0,4.0,90.0,17.3,,84.7
424,444,ASUS,Core i7-Ice Lake,Intel,10.0,x86,4.0,8.0,8.0,,1000.0,,,1.0,,2.0,,,15.6,,28.88
425,445,ASUS,Core i7-Alder Lake-P,Intel,12.0,x86,10.0,24.0,16.0,,512.0,,,1.0,1.0,5.5,,,15.6,,65.0
426,446,,Core i3,Intel,10.0,x86,2.0,6.0,12.0,,256.0,NVIDIA,2.0,1.0,,3.0,2.0,35.0,15.6,,16.95
427,447,,Core i5,Intel ,7.0,x86,,5.0,16.0,,256.0,,8.0,,1.0,,,,14.0,,13.2
428,448,TUF,Core i5-Alder Lake,Intel,12.0,x86,12.0,18.0,16.0,,1000.0,NVIDIA,4.0,,1.0,1.5,,56.0,15.6,,45.99
429,449,,Core i7,Intel,8.0,x86,,9.0,32.0,1000.0,512.0,NVIDIA,6.0,1.0,1.0,4.0,,90.0,17.3,,28.0
430,450,Apple,Core i9,Intel,,x86,8.0,16.0,16.0,,512.0,,4.0,,1.0,,,83.6,15.4,,55.3
431,451,ASUS,Core i5-Alder Lake,Intel,12.0,x86,12.0,18.0,16.0,,512.0,,,1.0,1.0,3.0,,,15.6,,40.215
432,452,,Core i7,Intel,11.0,x86,4.0,12.0,16.0,,256.0,Intel,,,1.0,17.0,,48.0,15.6,,63.0
433,453,HP,,AMD,6.0,x86,,,8.0,,,,,,,,,47.0,14.0,,14.69
434,454,,Ryzen 7,AMD,5.0,x86,8.0,20.0,32.0,,1000.0,Nvidia GeForce,,,1.0,,,80.0,16.0,,64.57
435,455,,Core i7,Intel,9.0,x86,,12.0,16.0,1000.0,256.0,NVIDIA,4.0,1.0,1.0,2.0,,48.0,15.6,,21.9
436,456,Zenbook,Ryzen 5,AMD,5.0,x86,6.0,16.0,8.0,,512.0,AMD,2.0,,1.0,5.5,4.0,75.0,14.0,,41.99
437,457,,Core i7-Alder Lake,Intel,12.0,x86,8.0,30.0,32.0,,1000.0,,8.0,,,,,99.9,15.6,,111.25
438,458,,Celeron,Intel,,x86,4.0,6.0,4.0,,256.0,INTEL,,1.0,,2.0,3.0,42.0,15.6,,10.7
439,459,,Core i9,Intel,13.0,x86,,24.0,32.0,,1000.0,,16.0,,1.0,,,90.0,16.0,,281.9
440,460,,Ryzen 9-Zen 3,AMD,6.0,x86,8.0,16.0,16.0,,1000.0,NVIDIA,8.0,,1.0,,4.0,90.0,,,86.0
441,461,,Core i7,Intel,10.0,x86,,8.0,16.0,,1000.0,,,1.0,1.0,12.0,,,14.0,,81.94
442,462,HP,Core i7,Intel,8.0,x86,,,8.0,,256.0,AMD,2.0,,,,,,14.0,,20.5
443,463,,Core i9,Intel,13.0,x86,,36.0,64.0,,2000.0,,16.0,,1.0,,6.0,86.0,18.0,,314.6
444,465,,CELERON,Intel,,x86,2.0,6.0,4.0,1000.0,512.0,,,,,2.5,,,15.6,,10.3
445,466,,Core i3-Comet Lake,Intel,10.0,x86,2.0,6.0,8.0,1000.0,,,2.0,,,,,36.0,15.6,,11.599
446,467,,Core i5,Intel ,8.0,x86,,8.0,8.0,,256.0,,4.0,,1.0,,,,14.0,,12.37
447,468,,Ryzen 7-Zen 3,AMD,6.0,x86,8.0,16.0,8.0,,512.0,NVIDIA,8.0,,1.0,,4.0,90.0,,,70.2
448,469,ASUS,Ryzen 7,AMD,6.0,x86,8.0,16.0,16.0,,512.0,,,1.0,1.0,2.0,,,15.6,,60.649
449,470,,Corei7,Intel ,11.0,x86,4.0,12.0,8.0,,512.0,NVIDIA,2.0,1.0,,2.0,,,15.6,,29.59
450,471,,Core i5,Intel ,,x86,4.0,8.0,4.0,,512.0,NVIDIA,,1.0,,2.0,,38.0,,,24.0
451,472,,Core i7-Alder Lake-P,Intel,12.0,x86,14.0,24.0,32.0,,1000.0,NVIDIA,6.0,,1.0,,4.0,90.0,,,65.704
452,473,,Core i7,Intel,11.0,x86,,24.0,32.0,,1000.0," NVIDIA, ,                  ",6.0,1.0,1.0,3.0,,70.0,16.0,,63.981
453,474,,Core i3,Intel,11.0,x86,2.0,8.0,12.0,1000.0,128.0,Intel,2.0,,,,,38.0,15.6,,16.87
454,475,,Core i7-Tiger Lake,Intel,11.0,x86,4.0,12.0,16.0,,512.0,NVIDIA,2.0,,1.0,,3.0,42.0,,,38.8
455,476,,Core i9,Intel,13.0,x86,,24.0,16.0,,1000.0,,8.0,,1.0,,,90.0,16.1,,134.4
456,477,HP,Core i5-Alder Lake,Intel,12.0,x86,10.0,12.0,8.0,,1000.0,,,,,2.0,,,14.0,,43.799
457,478,,Core i7,Intel,4.0,x86,,8.0,8.0,,256.0,NVIDIA,2.0,1.0,1.0,4.0,,99.0,15.0,,11.6
458,480,,Core i7,Intel,11.0,x86,4.0,12.0,12.0,1000.0,,Nvidia,2.0,,,,,38.0,15.6,,27.9
459,481,,Core i7,Intel,12.0,x86,,24.0,16.0,,1000.0,NVIDIA,4.0,,1.0,,,90.0,15.6,,58.8
460,482,MSI,Core i5-Raptor Lake,Intel,13.0,x86,10.0,12.0,8.0,,512.0,,,,1.0,2.0,,,15.6,,34.744
461,483,,Core i7,Intel,12.0,x86,10.0,12.0,16.0,,512.0,Intel,,,1.0,17.0,,48.0,15.6,,91.98
462,484,,Core i7-Alder Lake,Intel,12.0,x86,10.0,24.0,32.0,,2000.0,NVIDIA,8.0,,,,4.0,76.0,,,77.864
463,486,,Core i3-Tiger Lake,Intel,11.0,x86,2.0,6.0,12.0,,256.0,NVIDIA,2.0,,,,2.0,38.0,,,17.481
464,487,,Core i7,Intel,8.0,x86,4.0,8.0,16.0,,512.0,AMD,4.0,1.0,,,,56.0,15.6,,24.4
465,489,,Core i7,Intel,11.0,x86,,24.0,16.0,,1000.0,Nvidia,6.0,1.0,1.0,,,70.0,16.0,,66.9
466,490,acer,Core i7-Alder Lake-P,Intel,12.0,x86,14.0,24.0,16.0,,512.0,,,1.0,1.0,2.0,,,15.6,,68.5
467,491,,Core i7-Alder Lake,Intel,12.0,x86,14.0,24.0,32.0,,1000.0,NVIDIA,4.0,,1.0,,3.0,57.5,,,46.49
468,492,,,Intel,,,7.0,8.0,16.0,,512.0,,4.0,1.0,,,,,,1.0,22.8
469,493,,Ryzen 5,AMD,4.0,x86,,,8.0,,128.0,,,,,19.0,,,13.5,,37.0
470,494,,Core i5,Intel,11.0,x86,4.0,8.0,16.0,1000.0,,NVIDIA,2.0,1.0,,3.0,2.0,37.0,15.6,,30.149
471,495,ASUS,Ryzen 9,AMD,6.0,x86,8.0,20.0,16.0,,1000.0,Nvidia,,,1.0,,,90.0,16.0,,93.699
472,497,,Core i3-Tiger Lake,Intel,11.0,x86,2.0,6.0,4.0,,512.0,,2.0,,,,,37.0,15.6,,24.8
473,498,,Core i7,Intel,11.0,x86,,12.0,16.0,,512.0,Nvidia,6.0,1.0,1.0,,,52.4,15.6,,59.7
474,499,,Core i5,Intel,11.0,x86,,8.0,8.0,,128.0,,,,,,,,,,38.5
475,500,,Core i5,Intel,8.0,x86,,,8.0,,256.0,,,,,14.5,,,13.5,,19.4
476,501,,,Intel,12.0,x86,6.0,24.0,128.0,,512.0,,4.0,,,,,53.5,,,40.8
477,502,,Core i9-Raptor Lake,Intel,13.0,x86,24.0,36.0,64.0,,4000.0,NVIDIA,16.0,,1.0,,4.0,90.0,,,320.979
478,503,,Core i7-Raptor Lake,Intel,13.0,x86,14.0,24.0,16.0,,1000.0,NVIDIA,8.0,,1.0,,4.0,90.0,,,87.979
479,504,,Core i7,Intel,,x86,4.0,12.0,12.0,,512.0,NVIDIA,,1.0,,2.0,2.0,36.0,,,29.48
480,505,,Core i5,Intel,,x86,4.0,8.0,8.0,,512.0,NVIDIA,4.0,1.0,,3.0,3.0,45.0,,,33.9
481,506,,Core i9-Raptor Lake,Intel,13.0,x86,24.0,36.0,16.0,,1000.0,NVIDIA,8.0,,1.0,,4.0,90.0,,,137.28
482,507,ASUS, Core i7-Alder Lake,Intel,12.0,x86,10.0,24.0,16.0,,1000.0,,,1.0,1.0,3.0,,,15.6,,59.222
483,508,,Core i7,Intel,12.0,x86,10.0,24.0,16.0,,1000.0,NVIDIA,6.0,1.0,,3.0,4.0,60.0,15.6,,51.181
484,509,,Core i3,Intel,11.0,x86,2.0,8.0,8.0,,512.0,NVIDIA,2.0,,,2.0,,38.0,15.6,,17.281
485,510,,Core i7,Intel,11.0,x86,4.0,12.0,12.0,,512.0,Nvidia,,,1.0,,,37.0,15.6,,34.5
486,511,,Core i9,Intel,9.0,x86,,16.0,16.0,,1000.0,AMD,4.0,,1.0,10.0,,100.0,16.0,,64.0
487,512,,Celeron,Intel,,N4020,2.0,4.0,4.0,1000.0,,INTEL,,1.0,,2.0,3.0,41.0,15.6,,11.25
488,513,,Core i7,Intel,11.0,x86,8.0,24.0,16.0,,512.0,NVIDIA,6.0,1.0,,3.0,4.0,90.0,15.6,,45.9
489,514,,Ryzen 9,AMD,,,8.0,16.0,16.0,,1000.0,NVIDIA,,,,2.0,4.0,56.0,,,63.999
490,515,,Core i3,Intel,11.0,x86,2.0,6.0,8.0,1000.0,256.0,NVIDIA,2.0,1.0,,,2.0,36.0,15.6,,20.6
491,516,,Core i9,Intel,12.0,x86,,24.0,16.0,,1000.0,,,,,,,,16.1,,89.55
492,517,,Core i9,intel,11.0,x86,8.0,24.0,32.0,,1000.0,Nvidia,16.0,1.0,,4.0,,,17.3,,166.721
493,518,,Core i5,intel,,x86,,,8.0,,256.0,,,,,,,,,,21.4
494,519,,Core i7,intel,11.0,x86,,12.0,16.0,,512.0,Intel,,,,,,56.0,13.9,,60.0
495,520,,Ryzen 9-Zen 3,AMD,6.0,x86,8.0,20.0,16.0,,1000.0,NVIDIA,8.0,,1.0,,4.0,90.0,,,87.195
496,521,,Core i7,intel,11.0,x86,,12.0,16.0,,512.0,Intel,,1.0,,,,,15.6,,35.79
497,522,,Corei9,intel,12.0,x86,14.0,24.0,16.0,,1000.0,NVIDIA,6.0,1.0,,,4.0,70.0,15.6,,74.5
498,523,,Core i5,intel,11.0,x86,6.0,12.0,8.0,,256.0,,4.0,1.0,,3.0,4.0,,,,39.5
499,524,Apple,M1,Apple,,M1,,,32.0,,1000.0,Apple,0.0,,1.0,,,70.0,16.2,,142.5
500,526,,Celeron,intel,,N4020,2.0,4.0,4.0,1000.0,256.0,INTEL,2.0,1.0,,2.0,2.0,35.0,15.6,,9.9
501,527,,Ryzen 7,AMD,5.0,x86,8.0,20.0,16.0,,1000.0,,4.0,,,,,63.0,15.6,,45.999
502,528,,Core i5-Tiger Lake,Intel,11.0,x86,4.0,8.0,16.0,1000.0,256.0,NVIDIA,2.0,,,,2.0,38.0,,,26.8
503,529,,,intel,,,7.0,,16.0,,1000.0,,,,,,,,,,66.5
504,530,,Core i5-Tiger Lake,Intel,11.0,x86,4.0,8.0,8.0,,1000.0,NVIDIA,2.0,,1.0,,2.0,32.0,,,31.481
505,531,Apple,M2,Apple,,M2,12.0,12.0,16.0,,1000.0,,,,1.0,18.0,,,14.0,,121.0
506,532,,Celeron,Intel,,x86,2.0,4.0,4.0,1000.0,,,2.0,1.0,,3.0,2.0,35.0,,,8.999
507,533,,Core i7-Tiger Lake,Intel,11.0,x86,4.0,12.0,32.0,,2000.0,,,,1.0,19.0,,58.0,14.0,,165.999
508,534,Apple,M2,Apple,,M2,12.0,12.0,32.0,,1000.0,,,,1.0,18.0,,,14.2,,160.0
509,535,,Core i7-Tiger Lake,Intel,11.0,x86,8.0,24.0,16.0,,512.0,NVIDIA,8.0,,1.0,,4.0,80.0,,,62.979
510,536,,Core i5-Alder Lake,Intel,12.0,x86,10.0,12.0,16.0,,1000.0,Intel,4.0,,,,3.0,42.0,,,32.899
511,537,,Core i7,Intel,11.0,x86,,12.0,16.0,,1000.0,Intel,0.0,,1.0,,,70.07,13.4,,69.94
512,538,Microsoft,Core i5,Intel,,x86,4.0,,4.0,,128.0,inte,,,1.0,,,45.0,13.5,1.0,10.9
513,539,,Ryzen 7,AMD,4.0,x86,8.0,12.0,16.0,,512.0,NVIDIA,4.0,1.0,,2.0,4.0,56.0,15.6,,48.0
514,540,,Core i3-Tiger Lake,Intel,11.0,x86,2.0,6.0,4.0,1000.0,128.0,,2.0,,,,,36.0,15.6,,19.1
515,541,,Core i7,Intel,12.0,x86,8.0,24.0,32.0,,1000.0,Nvidia,,,1.0,,,90.0,16.0,,111.481
516,542,,Core i7,Intel,13.0,x86,,24.0,16.0,1000.0,,Nvidia,8.0,,1.0,,,175.0,,,69.88
517,543,,Core i5 Alder Lake-P,Intel,12.0,x86,12.0,18.0,16.0,,1000.0,NVIDIA,4.0,,1.0,,4.0,56.0,,,51.7
518,544,TUF,Ryzen 7,AMD,6.0,x86,8.0,16.0,16.0,,512.0,NVIDIA,4.0,,1.0,2.0,,56.0,17.3,,48.5
519,545,,Core i5,Intel,6.0,,5.0,3.0,8.0,,256.0,,0.0,,,,4.0,55.0,,,12.7
520,546,,Celeron,Intel,,N4020,2.0,6.0,4.0,,512.0,INTEL,,1.0,,3.0,2.0,35.0,15.6,,8.61
521,548,,Core i7,Intel,10.0,x86,,,32.0,,1000.0,,,,,11.5,,,15.0,,76.0
522,549,,Ryzen 5,AMD,5.0,x86,6.0,8.0,8.0,1000.0,,AMD,,1.0,,2.0,3.0,38.0,15.6,,20.7
523,550,,Core i5,Intel,12.0,x86,8.0,12.0,16.0,,1000.0,NVIDIA,4.0,1.0,,3.0,4.0,76.0,15.6,,43.0
524,551,,Core i7-Tiger Lake,Intel,11.0,x86,8.0,24.0,16.0,,1000.0,,4.0,,,,,52.4,15.6,,48.0
525,552,,Core i7,Intel,13.0,x86,,30.0,16.0,,,Nvidia,8.0,,1.0,,6.0,330.0,,,86.69
526,553,,Core i5,Intel,11.0,x86,4.0,8.0,8.0,1000.0,512.0,NVIDIA,4.0,,,3.0,3.0,42.0,14.0,,39.399
527,554,,Core i7-Alder Lake,Intel,12.0,x86,10.0,24.0,32.0,,1000.0,NVIDIA,4.0,,1.0,,4.0,70.0,,,52.0
528,555,,Core i7,Intel,11.0,x86,4.0,12.0,16.0,,1000.0,NVIDIA,6.0,1.0,,3.0,4.0,76.0,15.6,,59.216
529,556,Apple,M2,Apple,,M2,8.0,12.0,8.0,,512.0,Appel,0.0,,,15.0,,52.6,13.6,,73.738
530,557,,Ryzen 6000,AMD,9.0,x86,8.0,16.0,16.0,,1000.0,,8.0,,,,,90.0,15.6,,88.999
531,558,MSI,Ryzen 5,AMD,7.0,x86,6.0,16.0,16.0,,512.0,,,,1.0,2.0,,,15.6,,31.4
532,559,,Core i7-Tiger Lake,Intel,11.0,x86,8.0,24.0,16.0,,1000.0,NVIDIA,4.0,,1.0,,3.0,48.0,,,54.77
533,560,,Core i3,Intel,11.0,x86,2.0,8.0,8.0,1000.0,,,,1.0,,3.0,3.0,36.0,,,16.33
534,561,,Core i7,Intel,,x86,14.0,24.0,16.0,,512.0,,6.0,1.0,,3.0,4.0,80.0,,,62.47
535,563,,Core i7,Intel,11.0,x86,4.0,12.0,8.0,1000.0,256.0,Nvidia,,,,,,36.0,15.6,,29.4
536,564,HP,Core i7-Alder Lake,Intel,12.0,x86,10.0,12.0,32.0,,1000.0,,,,1.0,2.0,,,15.6,,55.58
537,565,Apple,M2,Apple,,M2,8.0,,16.0,,512.0,,,,,20.0,,58.2,,,94.0
538,566,,Core i5,Intel,11.0,x86,4.0,8.0,32.0,512.0,,,,,1.0,25.0,,,14.0,,98.989
539,567,,Core i7-Tiger Lake,Intel,11.0,x86,4.0,12.0,8.0,,512.0,,2.0,,,,,57.0,15.6,,33.0
540,568,Dell,Ryzen 9,AMD,5.0,x86,,,16.0,,1000.0,NVIDIA,8.0,1.0,1.0,,6.0,,15.6,,92.999
541,569,,Ryzen 9-Zen 4,AMD,7.0,x86,8.0,16.0,16.0,,1000.0,NVIDIA,12.0,,1.0,,4.0,76.0,,,268.979
542,570,,,Intel,,,2.0,,8.0,,256.0,Intel,1.0,,,7.0,,,12.5,,8.77
543,571,,Core i3-Tiger Lake,Intel,11.0,x86,2.0,6.0,12.0,1000.0,256.0,NVIDIA,2.0,,,,2.0,38.0,,,17.7
544,572,,Core i5,Intel,10.0,,,6.0,8.0,,256.0,,4.0,,1.0,,,,15.6,,16.97
545,573,,Core i5,Intel,12.0,x86,12.0,18.0,32.0,512.0,,Nvidia,4.0,,1.0,,,70.0,15.6,,36.95
546,574,,Core i3,Intel,11.0,x86,2.0,6.0,12.0,1000.0,512.0,INTEL,,1.0,,3.0,2.0,38.0,15.6,,16.77
547,575,Dell,Core i7,intel,6.0,x86,4.0,8.0,16.0,,512.0,,4.0,,,,,,,,20.5
548,576,,Core i7,intel,12.0,x86,,24.0,16.0,,1000.0,,8.0,,1.0,,,80.0,15.6,,99.0
549,577,,Ryzen 7,AMD,5.0,x86,8.0,19.0,8.0,,512.0,,,,,,,50.0,16.0,,28.19
550,579,,Core i9,Intel,12.0,x86,,30.0,32.0,,2000.0,Nvidia,16.0,1.0,1.0,,,99.9,15.6,,159.989
551,580,,Core i3,Intel,,x86,2.0,6.0,4.0,,256.0,Intel,,,,,,37.0,15.6,,17.999
552,581,,Core i7,Intel,,x86,,8.0,16.0,,512.0,,,,,17.0,,,,,48.9
553,582,,Core i7,Intel,10.0,x86,4.0,8.0,8.0,,256.0,,,,1.0,15.0,,,13.3,,54.989
554,583,,Core i7-Comet Lake,Intel,10.0,x86,6.0,12.0,16.0,,512.0,NVIDIA,6.0,,1.0,,4.0,60.0,,,55.0
555,584,,Core i3,Intel,11.0,x86,2.0,4.0,8.0,256.0,,Nvidia,4.0,,,,,45.0,15.6,,22.4
556,586,,Core i7,Intel,12.0,x86,,,16.0,,512.0,Intel,0.0,1.0,1.0,,4.0,,14.0,,85.0
557,590,,Core i7,Intel,12.0,x86,14.0,24.0,16.0,,1000.0,NVIDIA,8.0,,1.0,,4.0,70.0,,,68.3
558,591,,Core i7-Alder Lake,Intel,12.0,x86,14.0,24.0,16.0,,1000.0,NVIDIA,6.0,,1.0,,6.0,96.0,,,114.898
559,592,,Core i5-7200U,Intel,7.0,x86,,3.0,8.0,,256.0,Intel,0.0,,1.0,,,60.0,13.3,,14.9
560,594,,Core i7-7600U,Intel,8.0,x86,,4.0,16.0,,256.0,Intel,0.0,,1.0,,,,13.3,1.0,15.9
561,595,,Core i5,Intel,8.0,x86,,6.0,16.0,,512.0,Intel,,1.0,1.0,7.0,,51.0,12.5,,15.9
562,596,,Core i7-Ice Lake,Intel,,x86,4.0,8.0,16.0,1000.0,512.0,NVIDIA,2.0,,,,,37.0,15.6,,30.964
563,597,,Core i7-Alder Lake-P,,12.0,x86,16.0,25.0,16.0,,1000.0,,,,1.0,2.0,,,15.6,,111.5
564,598,,Core i5-Alder Lake,Intel,12.0,,5.0,12.0,8.0,,256.0,,4.0,,,,,50.0,15.6,,35.0
565,599,,Core i7-Tiger Lake,Intel,11.0,,8.0,24.0,16.0,,1000.0,,4.0,,,,,48.0,15.6,,49.77
566,601,,Core i9,Intel,13.0,x86,,24.0,64.0,,2000.0,,16.0,,,,,99.0,17.3,,308.8
567,602,,Core i7-Tiger Lake,Intel,11.0,x86,8.0,24.0,32.0,,1000.0,NVIDIA,6.0,,1.0,,4.0,60.0,,,66.99
568,603,,Core i7-6820HK,Intel,,x86,,8.0,16.0,1000.0,128.0,Intel,4.0,,1.0,,8.0,92.0,17.3,,29.8
569,604,,Core i7-Tiger Lake,Intel,11.0,x86,4.0,12.0,16.0,,512.0,Intel,4.0,,1.0,,3.0,63.0,,,63.222
570,605,lenovo,Core i5-Tiger Lake,Intel,11.0,x86,4.0,8.0,8.0,,512.0,,,1.0,,2.0,,,15.6,,25.39
571,606,,Core i7,Intel,10.0,x86,,8.0,32.0,,512.0,NVIDIA,,,,,,57.0,13.5,,89.989
572,607,,core i5,Intel,12.0,x86,8.0,12.0,16.0,,512.0,NVIDIA,4.0,1.0,1.0,2.0,3.0,52.5,15.6,,36.0
573,608,acer,Core i7,Intel,12.0,x86,10.0,12.0,16.0,,1000.0,,,1.0,,3.0,,,15.6,,35.794
574,609,MX450,Core i3,Intel,,x86,2.0,6.0,4.0,,256.0,NVIDIA,2.0,1.0,,4.0,3.0,45.0,,,21.399
575,610,,Core i9,Intel,11.0,x86,8.0,24.0,32.0,,1000.0,Nvidia,8.0,1.0,1.0,,,82.0,15.6,,130.0
576,611,Apple,M2,Apple,,M2,12.0,,32.0,,,,,,,,,100.0,16.2,,169.5
577,612,,Core i3,Intel,10.0,x86,2.0,4.0,4.0,,128.0,INTEL,0.0,,,2.0,3.0,42.0,14.1,,28.981
578,613,,Core i7-Tiger Lake,Intel,11.0,x86,4.0,12.0,16.0,1000.0,256.0,NVIDIA,2.0,,,,3.0,45.0,,,34.9
579,614,,Core i7-Tiger Lake,Intel,11.0,x86,8.0,24.0,32.0,,1000.0,NVIDIA,8.0,,1.0,,4.0,80.0,,,73.499
580,615,,Ryzen 7,AMD,6.0,x86,,16.0,16.0,512.0,,Nvidia,6.0,,1.0,10.0,,,,,61.29
581,616,,Ryzen 7-Zen 2,AMD,5.0,x86,8.0,8.0,8.0,,512.0,NVIDIA,2.0,,1.0,,4.0,56.0,,,33.35
582,617,,Ryzen 5,AMD,3.0,x86,4.0,4.0,8.0,1000.0,128.0,AMD,2.0,1.0,,3.0,2.0,35.0,15.6,,17.2
583,618,,Core i5,Intel,10.0,x86,4.0,8.0,32.0,,512.0,NVIDIA,4.0,1.0,,2.0,3.0,48.0,15.6,,37.5
584,619,,Ryzen 5,AMD,4.0,x86,,8.0,8.0,,256.0,Nvidia,6.0,1.0,1.0,,,80.0,15.6,,37.5
585,620,,Core i9,Intel,13.0,x86,,24.0,16.0,,0.0,,8.0,,1.0,,,90.0,16.1,,108.7
586,621,,Core i3,Intel,10.0,x86,2.0,4.0,4.0,,512.0,INTEL,,1.0,,3.0,2.0,37.0,15.6,,19.3
587,622,,CELERON,Intel,,x86,2.0,4.0,4.0,1000.0,128.0,,,,,2.5,,,15.6,,9.5
588,623,,13980HX Raptor Lake,,13.0,x86,24.0,36.0,64.0,,4000.0,,,1.0,1.0,2.0,,,17.3,,253.6
589,625,,Core i7-Broadwell,Intel,,x86,,6.0,16.0,,256.0,Intel,0.0,,1.0,9.0,,95.0,15.4,,24.0
590,626,,Core i9,Intel,13.0,x86,24.0,36.0,64.0,,2000.0,NVIDIA,12.0,1.0,,4.5,4.0,99.0,16.0,,207.7
591,627,,Celeron,Intel,4.0,x86,2.0,4.0,4.0,,128.0,INTEL,,1.0,,3.0,2.0,35.0,15.6,,9.3
592,628,,Core i3,Intel,10.0,x86,2.0,4.0,12.0,,512.0,INTEL,,1.0,,3.0,2.0,37.0,15.6,,25.85
593,629,5600H,Ryzen 5-Zen 3,AMD,5.0,x86,6.0,16.0,16.0,1000.0,512.0,NVIDIA,4.0,,1.0,,3.0,45.0,,,39.979
594,630,AN515-58-70ZU,Core i7,Intel,12.0,x86,14.0,24.0,16.0,,512.0,NVIDIA,6.0,,,,,,15.6,,56.55
595,631,,Core i5,,11.0,x86,,8.0,8.0,,512.0,INTEL,0.0,1.0,1.0,3.5,,70.0,14.0,,49.85
596,632,,Core i9,Intel,13.0,x86,,24.0,32.0,1000.0,,intel,0.0,,1.0,10.0,,90.0,,,76.22
597,633,,Core i7,Intel,13.0,x86,,30.0,16.0,512.0,,Nvidia,8.0,,1.0,,6.0,330.0,,,79.19
598,634,,Ryzen 5,AMD,,,,,8.0,1000.0,,,,,,,,,,,19.999
599,635,5700U,Ryzen 7-Zen 2,AMD,5.0,x86,8.0,8.0,8.0,,1000.0,NVIDIA,2.0,,1.0,,4.0,56.0,,,34.35
600,636,,Core i3-Lake Refresh,Intel,,x86,4.0,4.0,4.0,1000.0,,,0.0,,,,,35.0,14.0,,13.8
601,637,,Core i5,Intel,11.0,x86,4.0,8.0,12.0,1000.0,256.0,NVIDIA,2.0,1.0,,2.0,2.0,38.0,15.6,,25.681
602,638,,Core i7,Intel,12.0,x86,,,16.0,,512.0,Nvida,2.0,,1.0,,3.0,,14.0,,79.5
603,639,Pavilion 15,Core i5,Intel,11.0,x86,,,16.0,,512.0,Nvidia,,,,,,,15.6,,29.99
604,640,,Corei7,Intel,10.0,x86,4.0,12.0,8.0,1000.0,512.0,NVIDIA,2.0,1.0,,3.0,2.0,37.0,15.6,,29.574
605,642,,Core i3,Intel,11.0,x86,2.0,6.0,4.0,512.0,,Intel,2.0,,,,,38.0,15.6,,19.39
606,643,,Core i7,Intel,12.0,x86,,12.0,16.0,,1000.0,Intel,,,,,,75.0,17.3,,180.557
607,644,,Core i7,Intel,12.0,x86,,24.0,16.0,512.0,,Nvidia,4.0,,1.0,,6.0,150.0,,,52.5
608,645,,Core i7,Intel,11.0,x86,4.0,8.0,16.0,,250.0,AMD,4.0,,,,,,14.1,,11.8
609,646,,Core i3-Tiger Lake,Intel,11.0,x86,4.0,6.0,4.0,,256.0,,,1.0,1.0,2.0,,,15.6,,18.799
610,647,ASUS,Ryzen 7-Zen 3,AMD,6.0,x86,8.0,16.0,16.0,,1000.0,,,1.0,1.0,3.0,,,17.3,,77.4
611,648,,Core i7,Intel,11.0,x86,4.0,12.0,16.0,,512.0,,,,1.0,,,60.0,14.0,,59.7
612,649,,Core i3,Intel,10.0,x86,,4.0,8.0,,512.0,Intel,,,,3.0,,37.0,15.6,,17.0
613,650,,Core i5-Tiger Lake,Intel,11.0,x86,4.0,8.0,8.0,1000.0,256.0,,2.0,,,,,45.0,15.6,,35.59
614,651,1165G7,Core i7-Tiger Lake,Intel,11.0,x86,4.0,12.0,16.0,1000.0,512.0,NVIDIA,2.0,,,,2.0,38.0,,,30.6
615,652,Apple,M2,Apple,,M2,8.0,20.0,8.0,,512.0,Apple,,,1.0,11.0,,52.6,13.6,,77.49
616,654,,Ryzen 7,AMD,3.0,x86,,,16.0,,512.0,RX Vega 10,0.0,1.0,,,3.0,,15.6,,35.8
617,655,,Core i7,Intel,11.0,x86 ,8.0,24.0,16.0,,1000.0,NVIDIA,,,1.0,,,80.0,17.3,,65.781
618,656,,Core i3,Intel,11.0,x86 ,2.0,6.0,12.0,,256.0,INTEL,,1.0,,2.0,2.0,38.0,15.6,,19.2
619,657,,Core i3,Intel,11.0,x86 ,2.0,6.0,12.0,1000.0,,Intel,2.0,,,,,38.0,15.6,,16.9
620,658,lenovo,Core i7,Intel,12.0,x86 ,10.0,24.0,32.0,,512.0,,,1.0,1.0,3.0,,,15.6,,49.999
621,659,,Core i9,,13.0,x86 ,,24.0,16.0,,1000.0,,8.0,,1.0,,4.0,56.0,13.4,,115.3
622,660,RTX3070,Ryzen 7,NVIDIA,,,8.0,16.0,32.0,,1000.0,,,,,3.0,4.0,90.0,,,68.799
623,661,,Core i7,Intel NVIDIA,,,,12.0,16.0,,1000.0,,6.0,,1.0,4.0,,,15.6,,91.0
624,662,,Core i5-Tiger Lake,Intel,11.0,x86,6.0,12.0,16.0,,1000.0,,4.0,,,,,48.0,15.6,,46.5
625,663,,Ryzen 9,AMD,5.0,x86,8.0,16.0,16.0,,1000.0,NVIDIA,4.0,,,3.0,,90.0,15.6,,69.0
626,664,Asus,Celeron,Intel,5.0,x86,,1.0,4.0,5000.0,,intel,,,,,,,15.6,,5.847
627,665,,Core i5,Intel,11.0,x86,4.0,8.0,8.0,,512.0,Intel,,,1.0,17.0,,48.0,13.5,,56.628
628,666,Lenovo,Ryzen 7,AMD,,x86,8.0,20.0,16.0,,512.0,NVIDIA,6.0,1.0,1.0,,,71.0,15.6,,55.89
629,667,,Core i5,Intel,7.0,x86,2.0,3.0,8.0,,256.0,,,,1.0,,,,13.5,,22.59
630,668,,Core i5,Intel,11.0,x86,6.0,12.0,32.0,,512.0,NVIDIA,4.0,1.0,,2.0,3.0,48.0,15.6,,41.65
631,669,Apple,M2,Apple,,M2,12.0,12.0,16.0,,1000.0,Apple,0.0,,1.0,15.0,,99.6,16.2,,127.0
632,670,,Core i7,Intel,12.0,x86,,12.0,16.0,,1000.0,Intel,,,,,,43.0,15.6,,53.34
633,671,,Core i3,Intel,10.0,x86,,4.0,8.0,1000.0,,Intel,,1.0,,2.0,,32.0,14.0,,17.799
634,672,,,,,,,,,500.0,,AMD,,,,,,,14.0,,4.5
635,674,,Core i7-Alder Lake,Intel,12.0,x86,14.0,24.0,16.0,,1000.0,NVIDIA,8.0,,1.0,,4.0,90.0,,,86.42
636,675,ASUS,Core i7,Intel,12.0,x86,14.0,24.0,16.0,,512.0,,,1.0,1.0,5.5,,,16.0,,69.9
637,676,MSI,Core i7-Raptor Lake,Intel,12.0,x86,10.0,24.0,16.0,,1000.0,,,,1.0,2.0,,,15.6,,68.473
638,677,Dell,Core i3,intel,,,4.0,8.0,16.0,,256.0,,4.0,,,,,,,,21.0
639,678,,Corei5,Intel,12.0,x86,10.0,12.0,12.0,1000.0,256.0,NVIDIA,2.0,1.0,,2.0,3.0,40.0,15.6,,24.888
640,679,acer,Core i7-Alder Lake-P,Intel,12.0,x86,14.0,24.0,16.0,,1000.0,,,1.0,1.0,2.0,,,15.6,,61.599
641,680,TUF,Core i5,Intel,11.0,x86,6.0,12.0,32.0,,1000.0,NVIDIA,4.0,,1.0,2.0,,,,,46.459
642,682,,Core i9-Alder Lake,Intel,12.0,x86,14.0,24.0,32.0,,1000.0,NVIDIA,6.0,,1.0,,4.0,90.0,,,85.879
643,683,Dell,Core i7,Intel,8.0,x86,,9.0,16.0,,512.0,NVIDIA,4.0,,,,,,15.6,,29.5
644,684,ASUS,Ryzen 5,AMD,5.0,x86,6.0,16.0,8.0,,1000.0,,,,1.0,2.0,,,14.0,,29.499
645,685,,Ryzen 9-Zen 3,AMD,6.0,x86,8.0,16.0,16.0,,512.0,NVIDIA,6.0,,1.0,,4.0,90.0,,,70.999
646,686,,Ryzen 7,AMD,6.0,x86,8.0,16.0,32.0,,1000.0,NVIDIA,8.0,1.0,,2.0,4.0,90.0,17.3,,87.339
647,688,,Core i9,Intel,13.0,x86,,36.0,32.0,1000.0,,Nvidia,12.0,,1.0,,6.0,330.0,,,144.27
648,689,ASUS,Ryzen 7,AMD,6.0,x86,8.0,16.0,16.0,,1000.0,,,1.0,1.0,2.0,,,17.3,,84.7
649,690,,Ryzen 7-Zen 3,AMD,5.0,x86,8.0,16.0,32.0,1000.0,256.0,NVIDIA,4.0,,1.0,,3.0,45.0,,,40.899
650,691,,Ryzen 7,AMD,6.0,x86,,16.0,16.0,,1000.0,NVIDIA,8.0,,,3.0,4.0,80.0,16.0,,81.83
651,692,Predator,Core i7,Intel,12.0,x86,14.0,24.0,32.0,,1000.0,NVIDIA,6.0,,1.0,3.0,4.0,99.0,16.0,,69.1
652,693,,Core i5,Intel,,x86,4.0,8.0,16.0,,512.0,NVIDIA,,,,2.0,3.0,52.5,,,31.95
653,695,Sword A12UCX,Core i7,Intel,12.0,x86,,,8.0,,512.0,Intel,4.0,,,,,,,,45.79
654,696,,Core i5,Intel,5.0,x86,,,8.0,,256.0,AMD,1.0,1.0,,,,50.0,14.0,,9.5
655,697,,Ryzen 7,AMD,5.0,x86,8.0,16.0,16.0,,1000.0,,,,1.0,2.0,,,16.0,,54.899
656,698,,Ryzen 7,AMD,5.0,x86,8.0,16.0,16.0,1000.0,256.0,,4.0,,,,,45.0,15.6,,42.167
657,699,ExpertBook,Core i5,Intel,11.0,x86,,,16.0,,256.0,Intel,,,,,,63.0,14.0,,56.5
658,700,,Core i9,Intel,12.0,x86,14.0,24.0,32.0,,512.0,NVIDIA,6.0,1.0,,2.0,4.0,90.0,15.6,,83.781
659,701,,Core i7,Intel,9.0,x86,,,32.0,,512.0,,4.0,,,,,100.0,16.0,,10.0
660,702,,Core i5,Intel,8.0,x86,,4.0,8.0,,256.0,Intel,0.0,,1.0,,,72.0,14.0,1.0,14.5
661,703,,Ryzen 7,AMD,5.0,x86,,16.0,16.0,,1000.0,Gforce,6.0,,,3.0,,60.0,15.6,,52.39
662,704,,Ryzen 9-Zen 3,AMD,6.0,x86,8.0,16.0,32.0,,1000.0,NVIDIA,6.0,,1.0,,4.0,90.0,,,77.999
663,705,MSI,Core i9-Raptor Lake,,13.0,x86,24.0,36.0,32.0,,2000.0,,,1.0,1.0,3.0,,,17.0,,197.96
664,706,,Celeron,Intel,,N4020,,4.0,4.0,1000.0,256.0,Intel,0.0,,,,3.0,33.0,15.6,,11.2
665,707,,Ryzen 5,AMD,,x86,6.0,16.0,16.0,,1000.0,NVIDIA,,,,2.0,3.0,52.5,,,34.5
666,708,,Ryzen 7,AMD,5.0,x86,8.0,16.0,24.0,,512.0,NVIDIA,4.0,1.0,,3.0,4.0,57.0,15.6,,41.8
667,709,Apple,M1,Apple,,M1,10.0,12.0,32.0,,2000.0,Apple,,,,17.0,,,16.2,,227.0
668,710,,Core i3,Intel,,x86,,4.0,4.0,1000.0,,,0.0,,1.0,2.0,,,15.6,,14.199
669,711,MSI,Core i7,Intel,12.0,x86,14.0,24.0,16.0,,1000.0,Nvidia,,,1.0,,,90.0,15.6,,84.0
670,712,,Ryzen 5,AMD,4.0,x86,6.0,11.0,8.0,,256.0,AMD,,,1.0,17.0,,48.0,13.5,,42.9
671,713,ASUS,Ryzen 7,AMD,5.0,x86,8.0,20.0,16.0,,512.0,Nvidia,,,1.0,,,63.0,15.6,,44.099
672,714,,Ryzen 7,AMD,3.0,x86,,,8.0,1000.0,512.0,RX Vega 10,0.0,1.0,,,3.0,,15.6,,36.3
673,715,,Xeon,,,E-2176M,,12.0,32.0,,512.0,NVIDIA,4.0,,1.0,9.0,,95.6,15.6,,28.9
674,716,,Core i7,Intel,12.0,x86,14.0,24.0,16.0,,1000.0,Nvidia,,,1.0,,,90.0,16.0,,87.995
675,717,,Core i9 Alder Lake,Intel,12.0,x86,14.0,24.0,64.0,,1000.0,NVIDIA,16.0,,1.0,,4.0,90.0,,,147.979
676,718,ASUS,Core i7-Alder Lake,Intel,12.0,x86,14.0,24.0,16.0,,512.0,,,,1.0,2.0,,,13.4,,79.999
677,719,,Core i9,,12.0,x86,16.0,30.0,64.0,,2000.0,NVIDIA,16.0,1.0,,4.5,4.0,99.0,17.3,,228.0
678,720,,Core i7,,11.0,x86,4.0,12.0,16.0,,512.0,NVIDIA,2.0,1.0,,3.0,2.0,37.0,15.6,,33.264
679,721,MSI,Core i7,intel,10.0,x86,,12.0,8.0,,512.0,NVIDIA,10.0,1.0,1.0,,3.0,51.0,15.6,,36.0
680,722,ASUS,Ryzen 7,AMD,7.0,x86,,14.0,16.0,,512.0,NVIDIA,12.0,1.0,1.0,,,90.0,15.6,,67.999
681,723,MSI,Core i7-Alder Lake,,12.0,x86,14.0,24.0,16.0,,1000.0,,,,1.0,2.0,,,17.3,,87.439
682,724,acer,Core i7,,12.0,x86,12.0,18.0,16.0,,512.0,,,1.0,1.0,2.0,,,15.6,,38.45
683,725,,Core i5,,12.0,x86,,12.0,8.0,512.0,,Intel,0.0,,,,,,15.6,,23.7
684,727,,,AMD,3.0,,2.0,4.0,8.0,1000.0,,,0.0,,,,,35.0,15.6,,9.6
685,728,,Ryzen 7-Zen 3,AMD,6.0,x86,8.0,20.0,16.0,,1000.0,NVIDIA,4.0,,1.0,,4.0,56.0,,,51.481
686,729,,Core i7,Intel,,x86,4.0,8.0,8.0,1000.0,256.0,,2.0,1.0,,3.0,2.0,37.0,,,28.34
687,730,,Ryzen 9,AMD,7.0,x86,,64.0,32.0,1000.0,,Nvidia,12.0,,,,4.0,,,,151.89
688,731,,Core i7-Tiger Lake,Intel,11.0,x86,8.0,24.0,32.0,,2000.0,NVIDIA,8.0,,1.0,,4.0,80.0,,,66.481
689,732,,,,,,2.0,,4.0,256.0,,Nvidia,512.0,,,,,,14.0,,6.9
690,733,,Ryzen 5-Zen 3,AMD,5.0,x86,6.0,16.0,16.0,,512.0,,,1.0,1.0,3.0,,,15.6,,38.499
691,734,,Core i3,Intel,11.0,x86,2.0,6.0,8.0,1000.0,512.0,Intel,2.0,,,,,38.0,15.6,,21.899
692,735,,Core i3,Intel,10.0,x86,2.0,4.0,12.0,,1000.0,INTEL,,1.0,,2.0,2.0,32.0,15.6,,17.9
693,736,,Core i3,Intel,10.0,x86,2.0,4.0,8.0,,512.0,INTEL,,1.0,,3.0,2.0,37.0,15.6,,23.98
694,737,,Core i7,Intel,11.0,x86,4.0,12.0,12.0,,1000.0,NVIDIA,2.0,1.0,,2.0,2.0,38.0,15.6,,29.19
695,738,,Core i5,Intel,11.0,x86,6.0,12.0,16.0,,512.0,NVIDIA,4.0,1.0,,2.0,4.0,48.96,15.6,,43.0
696,739,,Core i9,Intel,12.0,x86,14.0,24.0,32.0,,1000.0,,,,1.0,4.5,,,16.0,,114.749
697,740,,Core i5,Intel,12.0,x86,12.0,18.0,32.0,,1000.0,NVIDIA,4.0,,1.0,,4.0,90.0,,,45.479
698,741,,Core i9,Intel,12.0,x86,,30.0,32.0,,1000.0,,16.0,,1.0,,,99.9,17.3,,178.1
699,743,,Core i9,Intel,13.0,x86,,36.0,16.0,1000.0,,Nvidia,8.0,,1.0,,4.0,,,,123.26
700,744,,Ryzen 7-Zen 3,AMD,6.0,x86,8.0,16.0,16.0,,1000.0,NVIDIA,6.0,,1.0,,4.0,90.0,,,106.2
701,745,,Core i5-Tiger Lake,Intel,11.0,x86,6.0,12.0,8.0,,512.0,,4.0,,,,,48.0,15.6,,43.29
702,746,,Ryzen 7-Zen 3,AMD,5.0,x86,8.0,16.0,16.0,,1000.0,AMD,2.0,,,,3.0,50.0,,,35.179
703,747,,Core i5-Tiger Lake,Intel,11.0,x86,4.0,8.0,8.0,1000.0,,NVIDIA,2.0,,,,3.0,45.0,,,31.699
704,748,,Core i9,Intel,13.0,x86,,36.0,64.0,1000.0,,Nvidia,8.0,,1.0,,4.0,,,,152.32
705,749,,Core i5-Alder Lake,Intel,12.0,x86,8.0,12.0,8.0,,1000.0,NVIDIA,4.0,,1.0,,4.0,76.0,,,45.99
706,750,HP,Ryzen 5,AMD,2.0,x86,,6.0,16.0,1000.0,256.0,AMD,1.0,1.0,1.0,,,50.0,14.0,,16.5
707,751,,Core i7-Tiger Lake,Intel,11.0,x86,4.0,12.0,12.0,1000.0,128.0,NVIDIA,2.0,,,,2.0,38.0,,,28.9
708,752,,Core i3,Intel,11.0,x86,2.0,6.0,12.0,1000.0,256.0,UHD,6.0,1.0,,,2.0,36.0,15.6,,21.8
709,754,,Core i5-Tiger Lake,Intel,11.0,x86,7.0,8.0,8.0,,1000.0,,2.0,,,,,70.0,15.6,,25.2
710,755,,Core i3 Comet Lake,Intel,10.0,x86,4.0,4.0,4.0,1000.0,,Intel,2.0,,,,2.0,37.0,,,17.0
711,756,,Core i3,Intel,11.0,x86,2.0,6.0,12.0,1000.0,256.0,INTEL,,1.0,,2.0,2.0,38.0,15.6,,21.481
712,757,,Core i7,Intel,12.0,x86,10.0,12.0,8.0,,256.0,,,,,16.0,,47.7,,,68.3
713,758,Lenovo,,Intel,,,7.0,,8.0,,,Intel,,,,15.0,,,14.0,,9.5
714,759,,Core i7-Alder Lake,Intel,12.0,x86,6.0,24.0,16.0,,1000.0,,4.0,,,,,53.5,17.3,,59.99
715,760,Acer,,Intel,,,7.0,,16.0,512.0,512.0,NVIDIA,6.0,,,8.0,,,15.6,,59.9
716,761,,Ryzen 9,AMD,7.0,x86,,16.0,64.0,,4000.0,,12.0,,1.0,,,90.0,16.0,,272.9
717,762,ASUS,Core i3,Intel,12.0,x86,6.0,10.0,,,512.0,,2.0,,,,,,15.6,,24.469
718,763,,Core i3,Intel,10.0,x86,2.0,4.0,12.0,1000.0,128.0,INTEL,,1.0,,3.0,2.0,35.0,15.6,,20.381
719,764,,Ryzen 5-Zen 3,AMD,5.0,x86,6.0,16.0,8.0,,512.0,AMD,2.0,,1.0,,3.0,63.0,,,48.279
720,766,ASUS,Core i5-Tiger Lake,Intel,11.0,x86,4.0,8.0,8.0,,512.0,,,,1.0,2.0,,,15.6,,30.499
721,767,,Core i9,intell,12.0,x86,,24.0,32.0,,1000.0,,16.0,,1.0,,,,17.3,,311.6
722,768,,Core i7,Intel,8.0,x86,,6.0,,1000.0,,NVIDIA,2.0,1.0,,,,,15.6,,22.99
723,770,,Core i7-Alder Lake-P,Intel,12.0,x86,14.0,24.0,32.0,,1000.0,NVIDIA,8.0,,1.0,,4.0,90.0,,,92.5
724,771,,Core i5-Tiger Lake,Intel,11.0,x86,4.0,8.0,8.0,0.0,256.0,,4.0,,,,,45.0,15.6,,35.47
725,773,,Core i9,intel,13.0,x86,,36.0,16.0,,512.0,,8.0,,1.0,,6.0,83.0,16.0,,79.3
726,774,,Core i9,intel,12.0,x86,14.0,24.0,32.0,,2000.0,NVIDIA,16.0,1.0,,2.0,4.0,90.0,15.6,,143.999
727,775,,Core i7,intel,11.0,x86,4.0,12.0,8.0,1000.0,512.0,NVIDIA,2.0,1.0,,2.0,2.0,38.0,15.6,,30.89
728,776,,Ryzen 7-Zen 3,AMD,6.0,x86,8.0,16.0,16.0,,512.0,,,1.0,1.0,3.0,,,15.6,,58.481
729,777,,Core i7-Alder Lake,Intel,12.0,x86,14.0,24.0,16.0,,512.0,,4.0,,,,,52.0,15.6,,54.9
730,778,,Core i7,Intel,13.0,x86,,36.0,32.0,,1000.0,,16.0,,1.0,,6.0,80.0,16.0,,180.4
731,779,,Ryzen 7,AMD,5.0,x86,8.0,16.0,32.0,,1000.0,NVIDIA,6.0,1.0,,3.0,4.0,80.0,,,64.76
732,780,lenovo,Ryzen 3,AMD,7.0,x86,4.0,4.0,4.0,,512.0,,,1.0,,2.0,,,15.6,,17.0
733,781,,Core i3,Intel,10.0,x86,2.0,4.0,12.0,1000.0,256.0,INTEL,,1.0,,3.0,2.0,37.0,15.6,,19.5
734,782,,Core i7,Intel,11.0,x86,8.0,24.0,16.0,,1000.0,Nvidia,8.0,1.0,1.0,,,80.0,15.6,,107.0
735,783,,Core i7-Comet Lake,Intel,10.0,x86,6.0,12.0,16.0,1000.0,512.0,,6.0,,,,,60.0,15.6,,61.7
736,784,,Ryzen 5,AMD,5.0,x86,,8.0,8.0,,512.0,Nvidia,4.0,1.0,1.0,,,48.0,15.6,,28.5
737,785,,Core i7,Intel,10.0,x86,,8.0,32.0,,1000.0,NVIDIA,4.0,,1.0,5.0,,,15.6,,63.0
738,786,,,Intel,,x86,2.0,,2.0,250.0,,Intel,,,,,,,15.6,,4.5
739,787,,Core i9,Intel,13.0,x86,,36.0,16.0,,512.0,,8.0,,1.0,,6.0,80.0,16.0,,87.4
740,788,,Core i5,Intel,9.0,x86,4.0,8.0,8.0,1000.0,256.0,NVIDIA,4.0,1.0,,2.0,3.0,42.0,15.6,,34.65
741,789,,Core i5,Intel,8.0,x86,,6.0,8.0,,256.0,,4.0,,1.0,,,,14.0,,11.0
742,790,,Ryzen 5-Zen 3,AMD,6.0,x86,6.0,16.0,16.0,,512.0,,,1.0,1.0,3.0,,,15.6,,56.481
743,791,,Core i9,Intel,13.0,x86,,36.0,16.0,1000.0,,Nvidia,8.0,,1.0,,6.0,,,,82.66
744,792,,Core i7,Apple,,,,,16.0,,512.0,Intel,1.5,,,,,,,,27.5
745,793,ASUS,Core i9-Alder Lake,Intel,12.0,x86,14.0,24.0,32.0,,1000.0,NVIDIA,8.0,,1.0,4.5,,90.0,17.3,,113.0
746,794,,Core i7,,9.0,x86,,12.0,16.0,,512.0,NVIDIA,6.0,1.0,1.0,,,57.0,15.6,,31.9
747,795,,Core i5-Alder Lake,Intel,12.0,x86,12.0,18.0,8.0,,512.0,NVIDIA,4.0,,1.0,,4.0,90.0,,,39.899
748,796,,Core i7-Alder Lake-P,Intel,12.0,x86,14.0,24.0,16.0,,2000.0,NVIDIA,4.0,,1.0,,4.0,56.0,,,54.2
749,797,OMEN,,Intel,,,7.0,,16.0,512.0,,NVIDIA,8.0,,,6.26,,,15.6,,45.8
750,798,,Core i7,Intel,10.0,x86,4.0,12.0,16.0,,512.0,NVIDIA,2.0,1.0,,3.0,2.0,37.0,15.6,,30.69
751,799,,Core i5-Tiger Lake,Intel,11.0,x86,4.0,8.0,8.0,1000.0,128.0,NVIDIA,2.0,,,,2.0,38.0,,,24.07
752,800,,Core i7,,6.0,x86,,4.0,32.0,,480.0,Intel,,,1.0,,9.0,97.0,14.0,,139.0
753,801,,Core i5,Intel,11.0,x86,6.0,12.0,16.0,,,NVIDIA,4.0,1.0,1.0,,,,15.6,,44.9
754,802,,Core i5,Intel,11.0,x86,,12.0,16.0,,512.0,Nvidia,4.0,1.0,1.0,,,,16.1,,36.1
755,803,,Core i5,Intel,8.0,x86,,,8.0,,256.0,,0.0,,,,,,,,14.0
756,805,,Core i5-Tiger Lake,Intel,11.0,x86,4.0,8.0,12.0,,512.0,NVIDIA,2.0,,,,2.0,37.0,,,25.979
757,806,,Core i7,Intel,12.0,x86,14.0,24.0,16.0,,512.0,NVIDIA,4.0,1.0,1.0,,,,15.6,,53.5
758,807,,Core i7,,10.0,x86,6.0,12.0,16.0,256.0,,,,,,,,,,,54.989
759,808,Apple,M2,Apple,,M2,12.0,,32.0,,1000.0,,,,,17.0,,70.0,,,159.0
760,809,,Core i5,,11.0,x86,6.0,12.0,16.0,,512.0,NVIDIA,4.0,1.0,,2.0,3.0,48.0,15.6,,36.49
761,810,,Core i5-Tiger Lake,Intel,11.0,x86,4.0,8.0,16.0,1000.0,256.0,,4.0,,,,,45.0,15.6,,36.0
762,811,,Core i9,Intel,13.0,x86,,24.0,32.0,1000.0,,Nvidia,8.0,,1.0,10.0,,,,,118.15
763,812,,Core i5,Intel,10.0,x86,4.0,6.0,8.0,256.0,,,,,,11.5,,45.8,15.0,,41.5
764,816,,Core i7,Intel,,x86,14.0,24.0,32.0,,1000.0,NVIDIA,,,,3.0,4.0,80.0,,,83.0
765,817,,Core i9,Intel,13.0,x86,,36.0,16.0,,1000.0,,8.0,,1.0,,6.0,80.0,15.6,,104.2
766,818,,Core i7-Tiger Lake,Intel,11.0,x86,4.0,12.0,16.0,,512.0,NVIDIA,4.0,,1.0,,4.0,76.0,,,50.981
767,819,,Core i7-Alder Lake-P,Intel,12.0,x86,14.0,24.0,32.0,,2000.0,NVIDIA,6.0,,1.0,,4.0,90.0,,,68.97
768,820,lenovo,Ryzen 5,AMD,5.0,x86,6.0,16.0,32.0,,2000.0,,,1.0,1.0,2.0,,,15.6,,46.681
769,821,,Core i9-Raptor Lake,Intel,13.0,x86,24.0,36.0,32.0,,1000.0,NVIDIA,16.0,,1.0,,4.0,90.0,,,205.5
770,822,,Ryzen 5-Zen 2,AMD,5.0,x86,6.0,8.0,12.0,1000.0,256.0,AMD,2.0,,,,2.0,38.0,,,21.579
771,823,,Core i7,Intel,11.0,x86,,,8.0,,512.0,,,,,,,,14.0,,35.0
772,824,,Core i7,Intel,11.0,x86,4.0,12.0,8.0,1000.0,256.0,NVIDIA,2.0,1.0,,2.0,2.0,38.0,15.6,,28.499
773,825,ASUS,Ryzen 5,AMD,5.0,x86,6.0,19.0,8.0,,1000.0,AMD,,,1.0,5.0,,70.0,14.0,,27.999
774,826,,Ryzen 7,AMD,,x86,6.0,16.0,32.0,,1000.0,NVIDIA,,,,3.0,4.0,80.0,,,59.636
775,827,,Ryzen 9,AMD,5.0,x86,,16.0,32.0,,1000.0,Nvidia,8.0,1.0,1.0,,6.0,86.0,15.6,,68.5
776,828,,Core i7,Intel,11.0,x86,8.0,24.0,32.0,,1000.0,NVIDIA,,,1.0,,,80.0,17.3,,69.3
777,829,,Core i9,Intel,13.0,x86,,24.0,16.0,,512.0,,8.0,,1.0,,,90.0,15.6,,87.6
778,830,,Core i3,Intel,11.0,x86,2.0,6.0,12.0,1000.0,256.0,NVIDIA,2.0,1.0,,,2.0,36.0,15.6,,20.99
779,831,,Core i7-Alder Lake,Intel,12.0,x86,10.0,12.0,16.0,,1000.0,Intel,8.0,,,,3.0,42.0,,,32.5
780,833,,Core i7-Alder Lake,Intel,12.0,x86,10.0,12.0,16.0,,512.0,NVIDIA,2.0,,,,4.0,57.0,,,47.68
781,834,ASUS,Core i7,,12.0,x86,12.0,18.0,16.0,,1000.0,,,,1.0,5.0,,,14.0,,73.399
782,835,,Ryzen 7,,5.0,x86,8.0,16.0,16.0,,512.0,NVIDIA,4.0,1.0,,,4.0,57.0,15.6,,43.599
783,836,,,AMD,10.0,x86,,,16.0,,512.0,Nvidia,6.0,1.0,1.0,,,,14.0,,58.5
784,837,ASUS,Core i5,intel,12.0,x86,12.0,18.0,8.0,,1000.0,Intel,,,1.0,,,70.0,15.6,,32.7
785,838,,Ryzen 7,AMD,5.0,x86,,16.0,16.0,,512.0,NVIDIA,6.0,,,,4.0,71.0,15.6,,58.0
786,840,12700H,Core i7-Alder Lake-P,Intel,12.0,x86,14.0,24.0,32.0,,1000.0,NVIDIA,4.0,,1.0,,4.0,56.0,,,65.549
787,841,,Core i9,Intel,13.0,x86,,36.0,16.0,,1000.0,,8.0,,1.0,,,90.0,16.0,,105.7
788,842,,Core i7,Intel,11.0,x86,,12.0,16.0,1000.0,256.0,NVIDIA,2.0,,,,,37.0,15.6,,34.85
789,843,,Core i7,Intel,12.0,x86,10.0,24.0,16.0,,2000.0,NVIDIA,8.0,1.0,,3.0,4.0,76.0,15.6,,71.082
790,844,,Core i3,Intel,11.0,x86,2.0,6.0,4.0,256.0,1000.0,Intel,2.0,,,,,38.0,15.6,,18.8
791,845,,Core i9,Intel,13.0,x86,,36.0,32.0,,1000.0,,16.0,,1.0,,,90.0,18.0,,236.9
792,847,,Core i5,Intel,11.0,x86,,,16.0,,512.0,,4.0,,,,,,16.0,,37.0
793,848,,Ryzen 9,AMD,7.0,x86,,16.0,16.0,512.0,,Nvidia,8.0,,1.0,,,,,,74.36
794,849,,Core i5,Intel,11.0,x86,4.0,8.0,8.0,,512.0,Nvidia,2.0,1.0,,,,41.0,15.6,,32.66
795,850,Ideapad 3,Core i3,Intel,11.0,x86,2.0,6.0,12.0,,512.0,Intel,2.0,,,1.5,,35.0,15.6,,19.299
796,851,ASUS,Core i7,Intel,11.0,x86,4.0,12.0,16.0,,512.0,,,,1.0,2.0,,,14.0,,46.056
797,852,Apple,M1,Apple,,M1,,24.0,16.0,,1000.0,Apple,,,1.0,,,100.0,16.2,,101.0
798,853,,Core i9,Intel,13.0,x86,,24.0,32.0,1000.0,,Nvidia,4.0,,1.0,10.0,,,,,83.84
799,854,,Core i7,Intel,,x86,,,16.0,,512.0,NVidia,,,,,,,15.6,,19.2
800,855,,Core i7,Intel,,,,12.0,16.0,1000.0,512.0,NVIDIA,2.0,,,,,,15.6,,42.5
801,856,,Core i7,Intel,11.0,x86,4.0,12.0,16.0,,512.0,Nvidia,,,1.0,19.0,,58.0,14.4,,102.289
802,857,,Core i7-Alder Lake-P,Intel,12.0,x86,14.0,24.0,16.0,,2000.0,NVIDIA,8.0,,1.0,,4.0,90.0,,,78.781
803,858,,Core i7,Intel,13.0,x86,,18.0,16.0,512.0,,Intel,,,1.0,15.0,,65.0,,,57.41
804,859,,Core i7-Alder Lake,Intel,12.0,x86,6.0,24.0,16.0,,512.0,,4.0,,,,,53.5,17.3,,60.0
805,860,,Core i5,Intel,10.0,x86,4.0,6.0,8.0,,256.0,Intel,,,1.0,11.0,,45.0,13.5,,31.0
806,861,,Core i7,Intel,12.0,x86,10.0,24.0,32.0,,1000.0,NVIDIA,4.0,1.0,,3.0,4.0,76.0,15.6,,56.514
807,862,,Ryzen 9,AMD,5.0,x86,8.0,16.0,16.0,,1000.0,NVIDIA,8.0,1.0,1.0,,,,15.6,,75.79
808,863,,Core i9,Intel,13.0,x86,,36.0,32.0,,1000.0,,12.0,,1.0,,,95.2,16.0,,246.4
809,864,,Core i7,Intel,12.0,x86,,24.0,16.0,,512.0,,4.0,,1.0,,3.0,76.0,15.6,,64.2
810,865,,Ryzen 7,AMD,4.0,x86,,,8.0,,256.0,,,,,,,,15.0,,52.995
811,866,,Core i7,Intel,13.0,x86,,24.0,16.0,,512.0,,8.0,,1.0,,,90.0,15.6,,92.6
812,867,lenovo,Core i5,Intel,10.0,x86,4.0,6.0,20.0,1000.0,256.0,,,1.0,,2.0,,,15.6,,26.306
813,868,,Core i3,Intel,11.0,x86,2.0,6.0,4.0,,256.0,,2.0,1.0,,3.0,2.0,37.0,,,17.199
814,869,,Core i9,Intel,13.0,x86,,36.0,32.0,1000.0,,Nvidia,12.0,,1.0,,4.0,,,,179.7
815,870,,Core i9,Intel,12.0,x86,14.0,24.0,32.0,,2000.0,NVIDIA,8.0,1.0,,,4.0,80.0,16.0,,118.0
816,871,Apple,core 10,Intel,,M1,,,16.0,,512.0,Apple,0.0,,1.0,,,70.0,16.2,,106.0
817,872,,Core i9,Intel,13.0,x86,,36.0,32.0,1000.0,,Nvidia,12.0,,1.0,,,140.0,,,155.1
818,873,,Celeron,Intel,,N4020,,4.0,4.0,,128.0,intel,2.0,1.0,,3.0,,42.0,14.0,,12.966
819,874,,Core i7,Intel,12.0,x86,,18.0,16.0,512.0,,Nvidia,4.0,,1.0,12.0,,,,,62.36
820,875,,Core i5,Intel,,x86,12.0,18.0,16.0,,512.0,NVIDIA,,,,2.0,4.0,57.0,,,50.181
821,877,,Core i7,Intel,6.0,x86,,,16.0,,512.0,NVIDIA,2.0,1.0,,,,91.0,15.6,,17.4
822,878,ASUS,Ryzen 9,AMD,,x86,8.0,16.0,16.0,,,AMD,,,,,4.0,76.0,,,67.0
823,879,,Ryzen 7,AMD,5.0,x86,3.0,12.0,8.0,,512.0,,4.0,,,,,57.5,,,43.2
824,880,,Celeron,Intel,,x86,2.0,4.0,8.0,1000.0,256.0,INTEL,,1.0,,3.0,3.0,45.0,15.6,,16.0
825,881,,Core i5,Intel,11.0,x86,,8.0,16.0,,512.0,Intel,,,1.0,,,58.0,14.4,,85.0
826,882,,Core i5-Tiger Lake,Intel,11.0,x86,4.0,8.0,12.0,,512.0,NVIDIA,2.0,,1.0,,2.0,37.0,,,29.97
827,883,ASUS,Core i3,Intel,11.0,x86,,6.0,8.0,1000.0,128.0,Intel,0.0,,,,,37.0,15.6,,20.6
828,885,,Core i7-Tiger Lake,Intel,11.0,x86,4.0,12.0,8.0,1000.0,128.0,NVIDIA,2.0,,,,2.0,38.0,,,27.5
829,886,Dell,Core i7-Tiger Lake,Intel,6.0,x86,,,8.0,,256.0,intel,4.0,,,,,,,,13.3
830,887,Acer,Core i3,,12.0,x86,6.0,10.0,12.0,,512.0,,,1.0,,2.0,,,15.6,,21.599
831,889,HP,Core i5-Alder Lake,Intel,12.0,x86,10.0,12.0,8.0,,1000.0,,,,1.0,2.0,,,15.6,,41.9
832,890,,Core i5-Tiger Lake,Intel,11.0,x86,4.0,8.0,8.0,1000.0,256.0,NVIDIA,2.0,,1.0,,2.0,37.0,,,31.97
833,891,,Core i7-Raptor Lake,Intel,13.0,x86,10.0,24.0,16.0,,1000.0,NVIDIA,6.0,,1.0,,4.0,60.0,,,58.9
834,892,ASUS,Ryzen 5,AMD,5.0,x86,6.0,16.0,,,512.0,,2.0,,,,,50.0,16.0,,28.472
835,893,,Ryzen 5,AMD,5.0,x86,,16.0,8.0,,1000.0,Nvidia,4.0,,,,,52.5,15.6,,27.65
836,894,,Core i7,Intel,11.0,x86,,12.0,32.0,,1000.0,intel,,1.0,,4.0,,63.0,14.0,,62.989
837,898,,Core i7,Intel,12.0,x86,14.0,24.0,16.0,,1000.0,Nvidia,,,1.0,,,90.0,17.3,,79.696
838,899,,Core i9,Intel,13.0,x86,,36.0,32.0,,1000.0,,16.0,,1.0,,,90.0,16.0,,200.0
839,900,,Core i5,Intel,11.0,x86,4.0,8.0,8.0,,512.0,intel,4.0,,,5.0,3.0,52.5,14.0,,36.79
840,901,,Ryzen 7,AMD,3.0,x86,,,8.0,,512.0,RX Vega 10,,1.0,,,3.0,,15.6,,34.8
841,903,,Core i7-Tiger Lake,Intel,11.0,x86,4.0,12.0,16.0,,1000.0,,8.0,,,,,76.0,15.6,,62.28
842,904,,Core i7,Intel,8.0,x86,,8.0,16.0,,256.0,Nvidia,6.0,,,,,,15.0,,41.0
843,905,,Ryzen 7-Zen 3,AMD,5.0,x86,8.0,16.0,16.0,,512.0,NVIDIA,4.0,,1.0,,3.0,63.0,,,45.899
844,906,,Core i7,Intel,6.0,x86,,,16.0,,512.0,Intel,0.0,,,13.5,,,,,23.0
845,907,ASUS,Core i5,Intel,11.0,x86,4.0,8.0,8.0,,512.0,Intel,,,1.0,,,37.0,15.6,,23.432
846,908,,Core i3,Intel,11.0,x86,2.0,6.0,8.0,1000.0,256.0,INTEL,,1.0,,2.0,2.0,38.0,15.6,,18.69
847,909,,Core i5-Tiger Lake,Intel,11.0,x86,4.0,8.0,8.0,,512.0,,2.0,,,,,63.0,14.0,,61.499
848,910,ASUS,Core i7,Intel,12.0,x86,14.0,24.0,16.0,,1000.0,Intel,,,1.0,,,96.0,15.6,,95.999
849,911,,Core i7-Alder Lake-P,Intel,12.0,x86,14.0,24.0,32.0,,1000.0,NVIDIA,4.0,,1.0,,4.0,56.0,,,56.2
850,912,,Core i5-Tiger Lake,Intel,11.0,x86,4.0,8.0,16.0,1000.0,256.0,NVIDIA,2.0,,,,2.0,38.0,,,25.1
851,913,,Core i7,Intel,12.0,x86,10.0,12.0,32.0,,1000.0,intel,,,,17.0,,,15.6,,131.112
852,914,,Ryzen 9,AMD,7.0,x86,,64.0,16.0,1000.0,,Nvidia,8.0,,1.0,,4.0,,,,94.96
853,915,,,,4.0,,5.0,3.0,4.0,,256.0,Intel HD,,,,,,,11.0,1.0,11.7
854,916,,Core i7,Intel,11.0,x86,4.0,12.0,40.0,,1000.0,NVIDIA,4.0,1.0,,3.0,4.0,76.0,15.6,,54.76
855,917,,Core i5,,,,,,16.0,,256.0,,,,,,,,13.0,,23.9
856,918,ASUS,Ryzen 9-Zen 3,AMD,6.0,x86,8.0,16.0,16.0,,1000.0,,,1.0,1.0,3.0,,,17.3,,75.199
857,919,,Core i5,Intel,8.0,x86,,3.0,8.0,,256.0,Intel,0.0,,,,,65.0,14.0,,12.6
858,920,,Core i7-Comet Lake,Intel,10.0,x86,6.0,12.0,16.0,,1000.0,,4.0,,,,,48.0,15.6,,43.799
859,921,lenovo,Core i5-Alder Lake,Intel,12.0,x86,10.0,12.0,8.0,,256.0,,,1.0,,3.0,,,15.6,,38.799
860,922,,Corei5,Intel,10.0,x86,4.0,8.0,24.0,,512.0,NVIDIA,4.0,1.0,,2.0,3.0,48.0,15.6,,36.7
861,923,,Core i7,,7.0,x86,,4.0,16.0,,512.0,Intel,0.0,,1.0,,,45.0,12.0,,133.82
862,924,,Core i7,Intel,8.0,x86,,8.0,16.0,,256.0,NVIDIA,6.0,,1.0,,,90.0,15.0,,38.37
863,925,,Ryzen 5,AMD,4.0,x86,,11.0,16.0,,512.0,NVIDIA,4.0,1.0,1.0,,3.0,56.0,15.6,,38.2
864,926,,Core i7,Intel,11.0,x86,8.0,24.0,64.0,,2000.0,NVIDIA,8.0,1.0,,3.0,4.0,60.0,15.6,,85.79
865,929,,Core i5,Intel,12.0,x86,,18.0,8.0,,256.0,NVIDIA,4.0,,,3.0,4.0,90.0,17.3,,38.991
866,930,,Celeron,Intel,,N4020,,4.0,8.0,,512.0,Intel,,,,,,,15.6,,14.2
867,931,ASUS,Core i3,Intel,11.0,x86,2.0,6.0,16.0,1000.0,256.0,,,,,2.0,,,15.6,,22.799
868,932,,Ryzen 5,AMD,4.0,x86,,8.0,8.0,1000.0,256.0,NVIDIA,4.0,1.0,1.0,5.0,,48.0,15.6,,31.0
869,933,,Ryzen 7,AMD,5.0,x86,8.0,20.0,8.0,,512.0,Nvidia,,,1.0,,,60.0,15.6,,42.5
870,934,ASUS,Ryzen 5,AMD,5.0,x86,6.0,19.0,8.0,,1000.0,AMD,,,1.0,,,70.0,14.0,,27.999
871,938,,Core i7,Intel,12.0,x86,14.0,24.0,16.0,,512.0,,,,,6.0,,,16.1,,51.5
872,940,,Core i9-Tiger Lake,Intel,11.0,x86,8.0,32.0,32.0,,1000.0,,6.0,,,,,57.0,15.6,,84.695
873,941,,,,,8550u  Core i7,,8.0,8.0,,1000.0,NVIDIA,2.0,,,5.0,,43.0,14.0,,28.5
874,942,Apple,M2,Apple,,M2,12.0,12.0,16.0,,512.0,Apple,0.0,,1.0,15.0,,99.6,16.2,,129.59
875,943,Portege X20W-D,Core i7,Intel,7.0,x86,,,8.0,,256.0,intel,,,,,,,12.0,,13.5
876,944,,Core i5,Intel,12.0,x86,10.0,12.0,24.0,,512.0,Intel,,,,,,38.0,15.6,,30.49
877,945,,Core i7,Intel,11.0,x86,,6.0,32.0,,1000.0,,4.0,,,19.0,,,,,144.2
878,946,,Core i7,Intel,10.0,x86,,8.0,16.0,1000.0,512.0,NVIDIA,2.0,1.0,,3.0,,37.0,15.6,,30.3
879,947,,Core i3,Intel,11.0,x86,2.0,6.0,8.0,,256.0,Intel,,,,,,38.0,15.6,,15.1
880,948,,Core i7,Intel,9.0,x86,,,16.0,,512.0,NVIDIA,4.0,1.0,,,,97.0,15.6,,32.9
881,949,,Core i7,Intel,11.0,x86,,12.0,20.0,,1000.0,NVIDIA,2.0,1.0,1.0,,3.0,42.0,15.6,,40.0
882,950,,Core i9,Intel,12.0,x86,,24.0,16.0,1000.0,,Nvidia,6.0,,1.0,,4.0,,,,89.7
883,951,,Core i5,Intel,5.0,x86,,3.0,8.0,,256.0,,,,,,4.0,54.0,,,9.6
884,952,Apple,M2,Apple,,M2,,,16.0,,512.0,,,,1.0,,,70.0,14.2,,102.9
885,953,,Core i5,Intel,11.0,x86,4.0,8.0,8.0,,1000.0,NVIDIA,2.0,1.0,,3.0,2.0,37.0,15.6,,25.91
886,954,,Core i9,Intel,,x86,,24.0,32.0,,1000.0,Nvidia,8.0,1.0,1.0,,,99.98,16.0,,83.0
887,956,,Core i7,Intel,11.0,x86,8.0,24.0,16.0,,1000.0,Nvidia,,,1.0,,,80.0,17.3,,84.1
888,958,,Core i3,Intel,11.0,x86,,6.0,4.0,,256.0,Intel,0.0,1.0,,,,45.0,15.6,,18.607
889,959,,Core i7,Intel,10.0,x86,4.0,8.0,8.0,1000.0,,Nvidia,2.0,,,,,37.0,15.6,,27.1
890,960,,Core i5,Intel,,x86,4.0,8.0,8.0,,512.0,,4.0,1.0,,2.0,4.0,76.0,,,37.0
891,961,,Core i7,Intel,12.0,x86,,12.0,16.0,512.0,,intel,,,1.0,12.3,,65.0,,,49.01
892,962,,M1,Apple,,M1,8.0,12.0,8.0,,512.0,Apple,,,1.0,17.0,,58.0,13.3,,65.7
893,965,,Core i9,Intel,13.0,x86,,24.0,16.0,1000.0,,Nvidia,8.0,,,,,,,,106.84
894,967,,Ryzen 7,AMD,4.0,x86,,8.0,8.0,,256.0,AMD,,,1.0,,,45.8,15.0,,59.5
895,968,acer,Core i7,Intel,12.0,x86,10.0,12.0,16.0,,512.0,,,1.0,,3.0,,,15.6,,33.898
896,969,,Core i7,Intel,6.0,x86,,,16.0,,512.0,NVIDIA,,,,13.5,,,,,24.5
897,970,,Core i9,Intel,13.0,x86,,24.0,16.0,512.0,,Nvidia,6.0,,1.0,,,,,,78.42
898,972,,Core i7-Alder Lake,Intel,12.0,x86,6.0,24.0,32.0,,1000.0,,4.0,,,,,82.0,16.0,,86.7
899,973,lenovo,Core i5-Tiger Lake,Intel,11.0,x86,4.0,8.0,8.0,,256.0,,,1.0,,2.0,,,15.6,,22.0
900,974,Apple,M2,Apple,,M2,12.0,,96.0,,1000.0,,0.0,,,,,,14.2,,227.0
901,975,,Core i7,Intel,,x86,,,16.0,,1000.0,Nvidia,,,,,,,,,69.98
902,976,5800H,Ryzen 7-Zen 3,AMD,5.0,x86,8.0,16.0,16.0,,1000.0,NVIDIA,8.0,,1.0,,4.0,80.0,,,65.5
903,977,,Core i7,Intel,10.0,x86,4.0,6.0,16.0,,1000.0,NVIDIA,2.0,1.0,,3.0,2.0,37.0,15.6,,33.65
904,978,,Core i5,Intel,11.0,x86,,8.0,8.0,,256.0,NVIDIA,2.0,1.0,,3.0,,45.0,14.0,,17.9
905,979,,Core i7,Intel,13.0,x86,,30.0,16.0,,,,8.0,,1.0,,6.0,8.0,15.0,,76.6
906,980,,Core i7,Intel,10.0,x86,,12.0,16.0,,512.0,Nvidia,6.0,1.0,1.0,,,51.0,15.6,,27.5
907,981,,Core i7,Intel AMD,,,,12.0,16.0,,512.0,,4.0,,1.0,11.0,,,16.0,,105.6
908,982,,M1,Apple,,M1,10.0,24.0,16.0,512.0,,Apple,0.0,,1.0,17.0,,70.0,16.2,,100.78
909,983,,Core i9,,,,14.0,24.0,32.0,,1000.0,NVIDIA,8.0,1.0,,3.0,4.0,90.0,,,121.0
910,985,,Ryzen 5,AMD,6.0,x86,,16.0,16.0,512.0,,AMD,,,1.0,11.0,,,,,37.51
911,986,,Core i7,Intel,12.0,x86,,12.0,16.0,,512.0,intel,,,,,,42.0,15.6,,30.379
912,987,,Core i9,Intel,13.0,x86,,24.0,16.0,1000.0,,Nvidia,8.0,,1.0,,,,,,81.14
913,988,,Ryzen 9,AMD,7.0,x86,,64.0,16.0,,1000.0,,8.0,,1.0,,,90.0,17.0,,95.6
914,989,,Core i5,Intel,8.0,x86,,,16.0,,512.0,,,,,,,,13.3,,19.2
915,990,,Core i7,Intel,10.0,x86,,,32.0,,512.0,,,,,,,,13.5,,89.789
916,991,,Core i7,Intel,8.0,x86,,9.0,16.0,,512.0,AMD,4.0,1.0,,,,,15.6,,55.4
917,992,,Core i7,Intel,,x86,10.0,12.0,16.0,,1000.0,NVIDIA,,,,4.0,3.0,51.0,,,65.7
918,994,,Core i7,Intel,12.0,x86,10.0,24.0,32.0,,512.0,Nvidia,4.0,,1.0,,,52.5,15.6,,50.5
919,995,,Core i5-Tiger Lake,Intel,11.0,x86,4.0,8.0,16.0,1000.0,512.0,NVIDIA,2.0,,,,2.0,38.0,,,26.0
920,996,,Core i7,Intel,12.0,x86,14.0,24.0,16.0,,1000.0,NVIDIA,8.0,1.0,,3.0,4.0,90.0,15.6,,81.8
921,997,,Core i7-Alder Lake,Intel,12.0,x86,16.0,30.0,32.0,,1000.0,,,1.0,1.0,2.0,,,16.0,,160.0
922,998,Dell,Core i5,Intel,7.0,x86,,,16.0,,0.0,intel,8.0,,,,,,,,13.9
923,999,,Core i9,intel,13.0,x86,,36.0,32.0,,1000.0,,12.0,,1.0,,,91.0,18.0,,257.6
924,1000,,Core i3,intel,11.0,x86,2.0,6.0,8.0,,256.0,INTEL,,1.0,,3.0,2.0,37.0,15.6,,19.281
925,1001,,Core i7,intel,8.0,x86,,9.0,16.0,,,NVIDIA,4.0,1.0,,,,,15.6,,26.9
926,1002,,Core i5,intel,12.0,x86,,,8.0,,512.0,,,,,18.0,,,13.5,,60.185
927,1003,,Core i7-Tiger Lake,Intel,11.0,x86,8.0,24.0,32.0,,1000.0,NVIDIA,16.0,,1.0,,4.0,80.0,,,98.981
928,1004,MSI,Core i5,Intel,11.0,,6.0,12.0,8.0,,,NVIDIA,3.0,,,,4.0,53.0,,,38.399
929,1005,ASUS,Ryzen 9,AMD,6.0,x86,8.0,20.0,16.0,,1000.0,Nvidia,,,1.0,,,90.0,17.3,,67.3
930,1006,,Core i7-Tiger Lake,Intel,11.0,x86,4.0,12.0,16.0,,1000.0,NVIDIA,2.0,,1.0,,2.0,32.0,,,45.481
931,1007,,Ryzen 5,AMD,,x86,,,16.0,,,AMD,1.0,1.0,,,,48.0,14.0,,12.2
932,1008,,Core i5-Tiger Lake,Intel,11.0,x86,4.0,8.0,12.0,1000.0,128.0,NVIDIA,2.0,,,,,38.0,,,23.064
933,1009,,Core i7,Intel,11.0,x86,8.0,24.0,16.0,,1000.0,Nvidia,,,1.0,,,70.0,16.0,,69.781
934,1010,,Core i7,Intel,11.0,x86,,24.0,16.0,,512.0,Nvidia,4.0,1.0,1.0,,3.0,53.0,15.6,,45.5
935,1011,,Ryzen 7,AMD,7.0,x86,,16.0,32.0,,1000.0,Nvidia,8.0,,1.0,,4.0,90.0,15.6,,68.724
936,1012,,Core i5,Intel,5.0,x86,,,8.0,1000.0,,Intel,,,,,4.0,,,,10.9
937,1013,,Core i9,Intel,,x86,8.0,24.0,64.0,,1000.0,,6.0,1.0,,3.0,4.0,90.0,,,79.695
938,1014,,Core i9,Intel,13.0,x86,,36.0,32.0,,1000.0,,12.0,,1.0,,6.0,83.0,17.3,,142.763
939,1015,,Core i7-Alder Lake-P,Intel,12.0,x86,10.0,24.0,32.0,,1000.0,NVIDIA,6.0,,1.0,,4.0,76.0,,,75.575
940,1016,,Core i5,Intel,13.0,x86,,24.0,16.0,,512.0,,6.0,,1.0,,6.0,70.0,15.6,,55.46
941,1017,,Ryzen 5,AMD,5.0,x86,6.0,6.0,4.0,1000.0,,AMD,,1.0,,2.0,2.0,38.0,15.6,,20.0
942,1018,,Core i5,Intel,,x86,,,16.0,,512.0,GTX 1650Ti 4G,,,,,,,14.0,,30.9
943,1019,,Ryzen 5-Zen 3,AMD,5.0,x86,6.0,16.0,32.0,,1000.0,NVIDIA,4.0,,1.0,,4.0,60.0,,,43.355
944,1020,HP,Core i7-Alder Lake,Intel,12.0,x86,14.0,24.0,16.0,,512.0,,,,1.0,4.0,,,16.0,,60.499
945,1022,,Core i7,Intel,11.0,x86,,,8.0,,512.0,,,,,,,,15.6,,32.0
946,1023,,Core i5,Intel,10.0,x86,,,8.0,,128.0,intel,,,1.0,13.0,,,12.4,,28.91
947,1025,,Core i7,Intel,11.0,x86,,12.0,16.0,,1000.0,NVIDIA,2.0,,,,,,15.6,,55.0
948,1028,,Core i7,Intel,11.0,x86,,24.0,16.0,,256.0,,8.0,,1.0,,,87.0,15.6,,112.239
949,1029,,Ryzen 7-Zen 3,AMD,6.0,x86,8.0,16.0,32.0,,1000.0,NVIDIA,6.0,,1.0,,4.0,90.0,,,64.694
950,1031,,Core i7,Intel,,x86,,8.0,8.0,1000.0,256.0,NVIDIA,2.0,,1.0,3.0,,,15.6,,29.618
951,1032,,Core i7,Intel,,x86,4.0,12.0,16.0,,1000.0,,2.0,1.0,,3.0,2.0,37.0,,,34.781
952,1033,,,Intel,10.0,x86,7.0,,,,1000.0,Nvidia,6.0,,,,,,,,49.5
953,1034,,core i5,Intel,6.0,x86,,3.0,8.0,,256.0,intel,,,1.0,,,,14.0,,10.5
954,1035,,Core i5-Tiger Lake,Intel,11.0,x86,4.0,8.0,8.0,1000.0,256.0,NVIDIA,4.0,,1.0,,3.0,45.0,,,36.979
955,1036,,Celeron,Intel,,N2830,,1.0,4.0,500.0,,Intel,0.0,,,3.0,,,15.6,,5.847
956,1037,,Core i5,,11.0,x86,,24.0,16.0,1000.0,256.0,NVIDIA,4.0,,,,3.0,51.0,15.6,,34.8
957,1038,,Core i7,,12.0,x86,10.0,24.0,64.0,,2000.0,NVIDIA,8.0,1.0,,3.0,4.0,76.0,15.6,,75.07
958,1039,,Core i5,,6.0,x86,,3.0,8.0,,256.0,,,,,,,,,,19.5
959,1040,acer,Alder Lake,Intel,12.0,x86,12.0,18.0,16.0,,512.0,NVIDIA,4.0,,1.0,8.0,,50.0,15.6,,42.3
960,1041,,Core i7,Intel,12.0,x86,14.0,24.0,16.0,,1000.0,NVIDIA,4.0,,,3.0,4.0,76.0,14.5,,99.681
961,1042,,Core i9,Intel,13.0,x86,,36.0,16.0,1000.0,,Nvidia,8.0,,1.0,,,,140.0,,105.92
962,1043,,Core i5-Alder Lake,Intel,12.0,x86,10.0,12.0,8.0,,256.0,,2.0,,,,,50.0,15.6,,25.599
963,1044,,Core i9,Intel,12.0,x86,,16.0,32.0,,1000.0,,16.0,1.0,1.0,,,90.0,15.6,,150.0
964,1045,,Core i5-Alder Lake,Intel,12.0,x86,12.0,18.0,16.0,,512.0,NVIDIA,4.0,,1.0,,4.0,90.0,,,40.788
965,1046,,Core i5,Intel,13.0,x86,,24.0,16.0,1000.0,,Nvidia,8.0,,,,,,,,84.34
966,1047,Apple,M1,Apple,,M1,8.0,12.0,8.0,,256.0,,,,1.0,,,,13.3,,60.7
967,1048,,Core i7-Alder lake-U,Intel,12.0,x86,10.0,12.0,16.0,,512.0,Intel,4.0,,,,3.0,42.0,,,35.29
968,1049,,Core i7-Tiger Lake,Intel,11.0,x86,4.0,12.0,12.0,,1000.0,NVIDIA,2.0,,,,2.0,37.0,,,31.879
969,1050,HP,Core i7-Alder Lake,Intel,12.0,x86,10.0,12.0,16.0,,1000.0,,,,1.0,2.0,,,15.6,,53.58
970,1052,,Core i5,Intel,13.0,x86,,24.0,16.0,1000.0,,Nvidia,6.0,,1.0,,,,,,78.73
971,1053,,Core i9,Intel,13.0,x86,,36.0,16.0,,512.0,,12.0,,1.0,,,90.0,18.0,,174.5
972,1054,,Core i7,Intel,11.0,x86,,24.0,16.0,,1000.0,NVIDIA,4.0,1.0,1.0,3.0,,80.0,16.0,,64.0
973,1055,,Core i7,Intel,8.0,x86,4.0,8.0,8.0,,128.0,NVIDIA,,,,,,,15.6,,23.0
974,1056,,Core i7-Alder Lake-P,Intel,12.0,x86,14.0,24.0,32.0,,2000.0,NVIDIA,8.0,,1.0,,4.0,90.0,,,95.481
975,1057,,Core i7,Intel,8.0,x86,,8.0,8.0,,256.0,Nvidia,2.0,,,,,,13.5,,23.9
976,1058,,Core i7,Intel,13.0,x86,,24.0,16.0,1000.0,,Nvidia,8.0,,1.0,,4.0,,,,94.93
977,1059,,Core i7,Intel,,,10.0,24.0,8.0,,512.0,NVIDIA,,,,3.0,4.0,76.0,,,46.9
978,1060,,Core i9,Intel,13.0,x86,14.0,24.0,16.0,,1000.0,NVIDIA,6.0,,1.0,,4.0,56.0,,,158.979
979,1062,,Core i7-Alder Lake,Intel,12.0,x86,10.0,24.0,16.0,,512.0,NVIDIA,4.0,,1.0,,4.0,76.0,,,48.299
980,1064,,Core i7,Intel,12.0,x86,,18.0,16.0,,1000.0,Intel,,,,,,,,,89.1
981,1065,Dell,Core i5,Intel,,X86,,,8.0,256.0,,Intel,,,,,,,14.0,,14.0
982,1066,,Ryzen 5,AMD,3.0,x86,,4.0,8.0,,512.0,AMD,0.0,1.0,,,,32.0,15.6,,22.8
983,1067,,Core i7,Intel,12.0,x86,14.0,24.0,16.0,,1000.0,NVIDIA,,1.0,1.0,,,53.5,17.3,,70.0
984,1068,,Core i5,Intel,11.0,x86,,8.0,12.0,1000.0,512.0,,2.0,1.0,,3.0,,,15.6,,25.1
985,1069,,Core i9,Intel,13.0,x86,,36.0,16.0,1000.0,,Nvidia,8.0,,1.0,,6.0,,,,92.06
986,1070,,Core i7,Intel,10.0,x86,4.0,8.0,16.0,,512.0,Nvidia,,,1.0,,,37.0,15.6,,30.09
987,1071,,Core i7,Intel,9.0,x86,,,2.0,,512.0,,4.0,,,,,,17.0,,36.0
988,1072,,Core i7,Intel,9.0,x86,,12.0,16.0,,512.0,NVIDIA,8.0,1.0,1.0,,,48.0,15.6,,44.0
989,1075,Apple,M2,Apple,,M2,8.0,16.0,16.0,,512.0,,,,1.0,,,52.6,,,89.0
990,1076,,Core i5-Tiger Lake,Intel,11.0,x86,4.0,8.0,16.0,1000.0,512.0,NVIDIA,4.0,,1.0,,3.0,45.0,,,37.199
991,1078,,Core i5,Intel,12.0,x86,10.0,12.0,16.0,,512.0,,,1.0,,2.0,,,15.6,,30.7
992,1079,,Core i7,Intel,11.0,x86,,,8.0,1000.0,512.0,Nvida,2.0,1.0,,,3.0,,15.6,,43.8
993,1080,,Core i3,Intel,11.0,x86,2.0,6.0,12.0,,512.0,,6.0,1.0,,3.0,2.0,37.0,,,19.8
994,1081,,Core i9,Intel,11.0,x86,,,64.0,1000.0,512.0,Nvidia,,,,,,,15.6,,47.5
995,1082,,Core i7,,,,8.0,24.0,32.0,,1000.0,NVIDIA,4.0,1.0,,3.0,4.0,60.0,,,66.981
996,1083,,Core i7,Intel,6.0,x86,,6.0,12.0,1000.0,,Nvidia,3.0,1.0,1.0,,,,15.6,,30.0
997,1084,,Core i5-Tiger Lake,Intel,11.0,x86,4.0,8.0,16.0,,512.0,,2.0,,,,,56.5,14.0,,24.181
998,1085,,Core i5,Intel,12.0,x86,8.0,12.0,32.0,,1000.0,NVIDIA,4.0,1.0,,3.0,4.0,76.0,15.6,,50.49
999,1086,,Ryzen 7-Zen 3,AMD,6.0,x86,8.0,16.0,16.0,,512.0,NVIDIA,6.0,,1.0,,4.0,57.0,,,59.0
1000,1087,,Core i5-Tiger Lake,Intel,11.0,x86,4.0,8.0,16.0,1000.0,512.0,NVIDIA,2.0,,,,2.0,38.0,,,26.681
1001,1088,,Core i9,Intel,13.0,x86,,24.0,16.0,,1000.0,,8.0,,1.0,,,90.0,16.0,,121.2
1002,1089,ASUS,Core i5,Intel,10.0,x86,4.0,,8.0,,256.0,Intel,0.0,,,3.0,,37.0,15.6,,24.97
1003,1090,,Core i3,Intel,2.0,x86,,,4.0,500.0,,Intel,,,,,,,15.6,,6.3
1004,1091,,Ryzen 3,AMD,5.0,x86,3.0,4.0,4.0,,256.0,,0.0,,,,,41.0,,,17.2
1005,1092,,Core i5-Tiger Lake,Intel,11.0,x86,4.0,8.0,8.0,,512.0,,4.0,,,,,96.0,16.0,,37.98
1006,1093,,Core i7,Intel,12.0,x86,14.0,24.0,64.0,,2000.0,Nvidia,6.0,,1.0,,,90.0,15.6,,79.995
1007,1094,,Core i9,Intel,13.0,x86,24.0,36.0,32.0,,2000.0,NVIDIA,6.0,,1.0,,4.0,90.0,,,128.979
1008,1095,HP,Core i7,Intel,4.0,x86,,,8.0,,256.0,NVIDIA,4.0,,,,,,17.0,,16.0
1009,1096,,Corei7,Intel,11.0,x86,4.0,12.0,8.0,,1000.0,NVIDIA,4.0,1.0,,3.0,4.0,76.0,15.6,,47.2
1010,1097,,Core i3 Tiger Lake,Intel,11.0,x86,2.0,6.0,8.0,,1000.0,Intel,2.0,,1.0,,2.0,37.0,,,21.799
1011,1099,,Ryzen 7,AMD,6.0,x86,8.0,20.0,32.0,,2000.0,NVIDIA,6.0,1.0,,3.0,4.0,90.0,15.6,,68.98
1012,1103,,Core i5,Intel,,,,24.0,16.0,,512.0,,8.0,,1.0,,,90.0,16.0,,75.2
1013,1104,,Core i5,Intel,11.0,x86,4.0,8.0,32.0,,1000.0,NVIDIA,4.0,,1.0,,,45.0,15.6,,42.0
1014,1107,,Core i7,Intel,8.0,x86,,,16.0,,512.0,AMD,4.0,1.0,,,,,15.6,,29.8
1015,1108,,Core i7,Intel,12.0,x86,,24.0,16.0,,1000.0,NVIDIA,4.0,,1.0,,,96.0,16.0,,68.999
1016,1109,,Core i7,Intel,13.0,x86,,30.0,16.0,,512.0,,8.0,,1.0,,6.0,83.0,16.0,,75.0
1017,1110,Hp,Core i7,Intel,4.0,x86,,,8.0,500.0,,AMD,1.0,,,,,,15.6,,12.6
1018,1112,,Core i5,Intel,11.0,x86,4.0,8.0,8.0,,256.0,,,,,,,41.0,15.6,,33.229
1019,1114,,Core i7-Tiger Lake,Intel,11.0,x86,8.0,24.0,32.0,,1000.0,NVIDIA,16.0,,1.0,,4.0,94.0,,,208.25
1020,1115,,Core i5,Intel,10.0,x86,4.0,8.0,24.0,,512.0,NVIDIA,4.0,1.0,,2.0,3.0,48.0,15.6,,36.7
1021,1116,,Core i7,,,,8.0,24.0,32.0,,1000.0,NVIDIA,,1.0,,2.0,4.0,57.0,,,58.5
1022,1117,Apple,M1,Apple,,M1,,,16.0,,512.0,,,,,,,,,,107.0
1023,1118,,Core i9,Intel,13.0,x86,,36.0,16.0,,1000.0,,8.0,,1.0,,,90.0,16.0,,126.4
1024,1119,,Core i7,Intel,12.0,x86,,24.0,16.0,512.0,,Nvidia,6.0,,1.0,,,,,,67.14
1025,1120,,Core i5,Intel,11.0,x86,,8.0,8.0,,256.0,Intel,0.0,,,3.0,,51.0,14.0,,49.7
1026,1121,HP,Core i5,Intel,,x86,5.0,,44.0,512.0,,NVIDIA,,,,8.5,,,15.6,,54.65
1027,1122,,Core i3,Intel,10.0,x86,2.0,4.0,4.0,1000.0,,INTEL,,1.0,,2.0,2.0,32.0,15.6,,16.599
1028,1123,,Core i7,Intel,13.0,x86,,30.0,16.0,,512.0,,8.0,,1.0,,,90.0,16.0,,79.9
1029,1125,,Core i9,Intel,12.0,x86,14.0,24.0,32.0,,1000.0,Nvidia,,,1.0,,,90.0,17.3,,209.481
1030,1126,,Celeron,Intel,5.0,x86,2.0,2.0,4.0,1000.0,,,0.0,,,,,36.0,15.6,,8.6
1031,1128,,Core i7,Intel,12.0,x86,14.0,24.0,16.0,,512.0,NVIDIA,4.0,,1.0,3.0,4.0,99.0,16.0,,57.293
1032,1129,,Ryzen 7,Intel,5.0,x86,8.0,8.0,12.0,1000.0,512.0,AMD,,1.0,,2.0,2.0,38.0,15.6,,28.0
1033,1130,,Core i5,Intel,12.0,x86,8.0,12.0,,,256.0,,4.0,,1.0,,,52.5,15.6,,34.79
1034,1131,,Ryzen 7,AMD,6.0,x86,,16.0,16.0,,1000.0,Nvidia,6.0,1.0,1.0,,,90.0,15.6,,62.4
1035,1132,Apple,M1,Apple,,M1,8.0,24.0,8.0,,256.0,,,,1.0,,,49.9,13.3,,45.0
1036,1133,,Core i5-Alder Lake,Intel,12.0,x86,,12.0,8.0,,256.0,,0.0,,,,,38.0,15.6,,24.72
1037,1134,ASUS,Core i7,Intel,9.0,x86,,10.0,8.0,,512.0,NVIDIA,10.0,1.0,1.0,,3.0,48.0,15.6,,33.79
1038,1135,,Core i7,Intel,13.0,x86,,30.0,16.0,,1000.0,,8.0,,1.0,,6.0,83.0,17.3,,96.2
1039,1136,,Core i9,Intel,12.0,x86,,24.0,16.0,,1000.0,NVIDIA,6.0,1.0,1.0,3.0,,70.0,16.0,,78.4
1040,1137,lenovo,Core i7-Alder Lake,Intel,12.0,x86,10.0,12.0,8.0,,1000.0,,,1.0,,3.0,,,15.6,,32.79
1041,1138,,Core i7,Intel,12.0,x86,,12.0,16.0,,1000.0,intel,,,,,,75.0,17.3,,199.999
1042,1141,Apple,M2,Apple,,M2,8.0,12.0,16.0,,256.0,Apple,,,,17.0,,,13.3,,83.0
1043,1143,Apple,M2,Apple,,M2,12.0,,16.0,,512.0,,,,,17.0,,70.0,,,100.4
1044,1146,ASUS,Core i3,Intel,11.0,x86,2.0,6.0,4.0,,256.0,Intel,,,1.0,2.0,,42.0,14.0,,27.599
1045,1147,,Core i7,Intel,11.0,x86,,12.0,8.0,1000.0,128.0,,2.0,1.0,,2.0,,,15.6,,28.18
1046,1148,,Core i5,Intel,10.0,x86,,6.0,16.0,,256.0,Intel,,,1.0,,,45.8,13.5,,45.0
1047,1149,,Core i9,Intel,13.0,x86,,24.0,32.0,,2000.0,,12.0,,1.0,,,90.0,16.0,,239.6
1048,1150,,Ryzen 5,AMD,5.0,x86,2.0,6.0,16.0,,1000.0,AMD,,1.0,,3.0,3.0,42.0,15.6,,24.39
1049,1151,Apple,Core i5,Intel,,x86,5.0,,16.0,256.0,,Intel,,,,,,,13.0,,24.3
1050,1152,,Ryzen 5,AMD,,x86,6.0,8.0,8.0,,256.0,AMD,2.0,1.0,,3.0,,,15.6,,23.496
1051,1153,,Core i7,Intel,13.0,x86,,30.0,32.0,,1000.0,,8.0,,1.0,,,99.0,17.0,,175.6
1052,1155,,Core i9-Alder Lake,Intel,12.0,x86,14.0,24.0,16.0,,1000.0,,6.0,,,,,90.0,16.0,,114.199
1053,1156,,Core i3,Intel,12.0,x86,6.0,10.0,20.0,1000.0,,Intel,,,,,,38.0,15.6,,24.682
1054,1157,ASUS,Core i7,Intel,11.0,x86,4.0,12.0,16.0,,1000.0,Intel,,,1.0,,,63.0,14.0,,62.333
1055,1158,,Core i7,Intel,10.0,x86,,10.0,12.0,,512.0,Intel,0.0,,,,,,14.0,,80.58
1056,1159,,Ryzen 5,AMD,,,,,4.0,256.0,,,,,,,,,14.0,1.0,31.55
1057,1161,ASUS,Core i7,Intel,13.0,x86,14.0,24.0,16.0,,512.0,,,1.0,1.0,5.5,,,16.0,,83.5
1058,1163,,Carrizo,,6.0,,,1.0,4.0,1000.0,,AMD,0.5,1.0,,5.0,,33.0,15.6,,15.0
1059,1164,LEGION,Ryzen 7,AMD,6.0,,8.0,16.0,16.0,,1000.0,NVIDIA,,,,,,,16.0,,69.9
